time,X_value,Y_value,Z_value
Started:,Dec 05 2019,18:01:05:811, 
0.0230,-3.91794,-4.27347,7.68027
0.0339,-4.06757,-4.31417,7.63957
0.0926,-3.97540,-4.31417,7.73294
0.0926,-3.81380,-4.28424,7.82032
0.0926,-3.79106,-4.28903,7.82631
0.1540,-3.87964,-4.34888,7.75329
0.1540,-4.01012,-4.34050,7.59887
0.1540,-4.00054,-4.33691,7.58091
0.2008,-3.98019,-4.31776,7.54859
0.2008,-4.05321,-4.36205,7.53183
0.2113,-4.06757,-4.34529,7.48395
0.2533,-4.09870,-4.35247,7.44924
0.2533,-4.09511,-4.36564,7.40375
0.2712,-4.09511,-4.33811,7.38699
0.2941,-4.07476,-4.30579,7.40016
0.3305,-4.12384,-4.31417,7.37861
0.3305,-4.14179,-4.31536,7.35347
0.3536,-4.20164,-4.33691,7.39896
0.3898,-4.19566,-4.39676,7.42410
0.3898,-4.18249,-4.41113,7.41213
0.4194,-4.22439,-4.41113,7.42051
0.4484,-4.25910,-4.35726,7.45522
0.4485,-4.20284,-4.36923,7.53423
0.4889,-4.20164,-4.43267,7.58690
0.4939,-4.24713,-4.44704,7.57373
0.5077,-4.23396,-4.44464,7.58810
0.5410,-4.22080,-4.49372,7.66231
0.5549,-4.23995,-4.54879,7.66950
0.5701,-4.22918,-4.54520,7.64675
0.6050,-4.23037,-4.53921,7.65513
0.6286,-4.19566,-4.58350,7.64555
0.6286,-4.18489,-4.60864,7.46241
0.6528,-4.22080,-4.65293,7.42769
0.6883,-4.16693,-4.70919,7.44684
0.6895,-4.16813,-4.68166,7.39777
0.7479,-4.10827,-4.72834,7.33432
0.7479,-3.97899,-4.78939,7.24813
0.7479,-3.92034,-4.83608,7.22539
0.8032,-3.84253,-4.93783,7.26729
0.8032,-3.78746,-4.99529,7.17871
0.8051,-3.84612,-5.04796,7.34390
0.8265,-3.56122,-5.09464,7.63957
0.8498,-3.63185,-5.17724,7.72456
0.8658,-3.81380,-5.16287,7.56416
0.8950,-3.83654,-5.11619,7.38939
0.9254,-3.77789,-5.13774,7.39657
0.9254,-3.63664,-5.05993,7.30200
0.9540,-3.78387,-5.08028,7.27447
0.9855,-3.90478,-5.13893,7.28405
0.9855,-3.97181,-5.19998,7.27926
1.0235,-4.04603,-5.13295,7.33193
1.0278,-4.16334,-5.11739,7.26609
1.0440,-4.20164,-5.05275,7.13561
1.0936,-4.38599,-5.03599,7.07456
1.0950,-4.29142,-4.95339,7.21462
1.1037,-4.22678,-5.01803,7.31876
1.1538,-4.04363,-4.89354,7.27447
1.1538,-4.00772,-4.88755,7.14878
1.1626,-4.13581,-4.95578,7.14878
1.2028,-3.96942,-4.95698,7.20743
1.2226,-3.95385,-4.84087,7.32475
1.2242,-3.97660,-4.90431,7.20265
1.2638,-3.92632,-4.97254,7.22539
1.2814,-4.02807,-4.96775,7.21701
1.2814,-4.12144,-5.05873,7.15357
1.3038,-4.04603,-5.05035,7.17511
1.3399,-3.97899,-5.25026,7.13801
1.3399,-3.93829,-5.09704,7.11646
1.3623,-3.96702,-5.15210,7.13202
1.3998,-3.96942,-5.13893,7.24454
1.3998,-4.02089,-5.23829,7.29721
1.4282,-4.16693,-5.22273,7.22419
1.4535,-4.22918,-5.06591,7.08294
1.4595,-4.12623,-4.98092,7.10688
1.4899,-4.30220,-5.04796,7.09491
1.5043,-4.43746,-5.05753,7.11406
1.5193,-4.47337,-5.01205,7.15117
1.5540,-4.39676,-5.06232,7.12603
1.5618,-4.29621,-5.00965,7.06977
1.5787,-4.32614,-5.01803,7.02668
1.6041,-4.43746,-4.97853,6.90099
1.6280,-4.43746,-4.97015,6.74418
1.6450,-4.43267,-4.90431,6.81360
1.6880,-4.33092,-4.92586,7.03865
1.6880,-4.16573,-5.03718,7.21940
1.6982,-4.19207,-5.09225,7.23736
1.7500,-4.20763,-5.08985,7.13801
1.7501,-4.07236,-5.06472,7.01710
1.7564,-3.94667,-5.08147,7.12723
1.8042,-3.79106,-5.18203,7.17392
1.8042,-3.71205,-5.22871,7.18708
1.8173,-3.75514,-5.23709,7.17511
1.8533,-3.83176,-5.27659,7.09850
1.8756,-3.90717,-5.29814,7.06618
1.8756,-3.94907,-5.20716,7.11646
1.8977,-4.05560,-5.12936,7.12005
1.9357,-4.10947,-5.06352,7.14040
1.9357,-4.10468,-5.04317,7.23257
1.9612,-4.09870,-5.05035,7.22898
1.9941,-4.06398,-4.94381,7.25412
1.9941,-4.12144,-4.97613,7.22778
2.0258,-4.11665,-4.93543,7.26848
2.0536,-4.04603,-4.96177,7.34270
2.0536,-4.03645,-4.95219,7.42051
2.0930,-4.03645,-4.92466,7.47797
2.0947,-4.11426,-4.95698,7.50071
2.1116,-4.15256,-4.98571,7.47198
2.1519,-4.04483,-5.05275,7.53662
2.1528,-3.99575,-5.11978,7.54620
2.1776,-4.09271,-5.15569,7.40255
2.2024,-4.15975,-5.14851,7.26130
2.2218,-4.16214,-5.14372,7.31876
2.2301,-4.18608,-5.14013,7.48994
2.2532,-4.15496,-5.07908,7.48036
2.2922,-4.15975,-4.99289,7.26010
2.2939,-4.08074,-4.96776,7.13681
2.3505,-3.99336,-4.95698,7.08534
2.3505,-3.96104,-5.00845,7.06858
2.3505,-3.90837,-5.04556,7.06020
2.4039,-3.90597,-5.09464,7.06738
2.4039,-3.95266,-5.14252,7.06139
2.4082,-3.98617,-5.14731,7.05062
2.4605,-4.08792,-5.10542,7.02548
2.4605,-4.10588,-5.14492,7.02788
2.4689,-4.06997,-5.14133,7.06379
2.4947,-4.05680,-5.12576,7.12484
2.5283,-4.02687,-5.14731,7.14279
2.5283,-3.92153,-5.15569,7.08294
2.5539,-3.87126,-5.18442,7.04224
2.5883,-3.87605,-5.16407,7.00633
2.5883,-3.86288,-5.19400,7.00753
2.6267,-3.78986,-5.19879,7.10928
2.6267,-3.83415,-5.04796,7.17751
2.6461,-3.71804,-4.97135,7.14519
2.6862,-3.66656,-4.95339,7.29721
2.6954,-3.71564,-5.00127,7.39537
2.7098,-3.81619,-5.04437,7.54261
2.7543,-3.80662,-5.02641,7.74012
2.7543,-4.12024,-5.06591,7.76885
2.7660,-4.36444,-5.02761,7.64555
2.8045,-4.34529,-5.03000,7.50311
2.8261,-4.22918,-5.10781,7.40375
2.8273,-4.02328,-5.14851,7.27806
2.8605,-3.94188,-5.19639,7.19068
2.8647,-3.87485,-5.23470,7.06139
2.8850,-3.77071,-5.29694,6.97401
2.9441,-3.59594,-5.29335,6.95964
2.9441,-3.81739,-5.27899,6.92493
2.9441,-3.77071,-5.32208,7.04104
3.0036,-3.67255,-5.34123,7.13561
3.0037,-3.60671,-5.29814,7.15476
3.0037,-3.63664,-5.36039,7.09731
3.0279,-3.62347,-5.39510,7.06738
3.0540,-3.73240,-5.39031,7.05062
3.0627,-3.68811,-5.38672,7.09371
3.0937,-3.61030,-5.30652,7.16673
3.1034,-3.63424,-5.26223,7.21581
3.1237,-3.59354,-5.24786,7.32834
3.1545,-3.43673,-5.28497,7.30559
3.1600,-3.54446,-5.17724,7.31277
3.1815,-3.59354,-5.17604,7.40495
3.2014,-3.51693,-5.08746,7.41811
3.2272,-3.58636,-5.16287,7.42051
3.2409,-3.61629,-5.12337,7.63717
3.2898,-3.64023,-5.23589,7.71857
3.2898,-3.64382,-5.22153,7.70900
3.3001,-3.48341,-5.11020,7.67428
3.3552,-3.42596,-5.06472,7.61204
3.3552,-3.33019,-5.09943,7.46001
3.3581,-3.16859,-5.06711,7.41572
3.4000,-3.01896,-4.91868,7.55218
3.4000,-3.16739,-4.92346,7.70062
3.4177,-3.16260,-4.94501,7.79279
3.4526,-3.01178,-4.84087,7.99988
3.4795,-2.76638,-4.79179,8.22852
3.4804,-2.23250,-4.59787,8.37456
3.5041,-1.87219,-4.53203,8.84979
3.5375,-1.52145,-4.31776,9.23763
3.5375,-1.38259,-4.09630,9.37649
3.5598,-1.12164,-3.95026,9.56682
3.5959,-0.85469,-3.76951,10.08394
3.5960,-0.69788,-3.42236,10.17013
3.6257,-0.65718,-3.13627,10.34011
3.6512,-0.58536,-2.73286,10.28984
3.6536,-0.67873,-3.01058,10.18809
3.6870,-0.91814,-3.02973,10.53284
3.7040,-2.39649,-4.56555,10.81175
3.7161,-3.47144,-4.74989,10.30300
3.7627,-3.42955,-5.04796,8.87612
3.7627,-2.86334,-5.60698,6.95965
3.7781,-2.53415,-6.21747,4.92107
3.8036,-3.20929,-8.33865,3.82816
3.8241,-3.78507,-10.78302,3.64382
3.8356,-3.64861,-12.49839,3.57798
3.8938,-3.90477,-13.33034,2.69216
3.8957,-4.73912,-13.19388,1.99907
3.8958,-4.19446,-12.20751,2.13913
3.9548,-2.88369,-10.88956,2.56288
3.9548,-2.27799,-9.55844,3.16021
3.9548,-1.83747,-8.44877,3.84133
4.0034,-1.32753,-7.62760,4.52126
4.0034,-1.26169,-7.05780,5.22392
4.0127,-1.41731,-6.43653,6.15882
4.0551,-1.78241,-6.16002,6.96563
4.0552,-2.05773,-6.13727,7.41811
4.0726,-2.02182,-5.99722,7.67787
4.0945,-1.98351,-5.95652,7.98911
4.1317,-1.98710,-5.96011,8.36977
4.1317,-2.19898,-5.93976,8.53376
4.1546,-2.42403,-5.84040,8.50863
4.1911,-2.48627,-5.76619,8.44877
4.1912,-2.56169,-5.99123,8.50743
4.2209,-2.68618,-6.06306,8.33984
4.2496,-2.85855,-6.04031,8.23450
4.2496,-3.11831,-6.07143,8.11719
4.2905,-3.16620,-6.23184,8.01664
4.2961,-3.15423,-6.32760,8.01185
4.3117,-3.27992,-6.38147,7.83708
4.3540,-3.45708,-6.20670,7.46360
4.3540,-3.63783,-6.18515,7.40255
4.3690,-3.59235,-6.11333,7.16314
4.4046,-3.58636,-6.04151,6.93451
4.4199,-3.64382,-6.02834,6.69749
4.4305,-3.68691,-5.79851,6.40182
4.4537,-3.74078,-5.47650,6.53110
4.4883,-3.50735,-5.41785,6.74178
4.4884,-3.41398,-5.49087,6.90458
4.5559,-3.53369,-5.51481,6.78488
4.5560,-3.60312,-5.55670,6.69151
4.5560,-3.58995,-5.47171,6.62447
4.6032,-3.69050,-5.26702,6.78368
4.6032,-3.57080,-4.90790,6.98957
4.6054,-3.61150,-4.80136,7.06379
4.6275,-3.77549,-4.82411,6.99197
4.6534,-3.88323,-4.87438,7.07456
4.6657,-4.04722,-4.78341,7.19187
4.6974,-4.20164,-4.48056,7.08414
4.7279,-4.40634,-4.26628,7.02429
4.7279,-4.68286,-4.23277,6.98957
4.7543,-5.00008,-4.25790,6.97162
4.7852,-5.25385,-4.23875,6.92852
4.7853,-5.42263,-4.18488,6.65559
4.8249,-5.55790,-4.19207,6.58257
4.8283,-5.60818,-4.23875,6.67116
4.8471,-5.49326,-4.18129,6.74298
4.8930,-5.38074,-4.14299,6.54906
4.8930,-5.47770,-4.11905,6.46287
4.9042,-5.42503,-4.06159,6.44372
4.9548,-5.22632,-3.93350,6.42935
4.9566,-5.00367,-3.89640,6.31803
4.9664,-5.00845,-3.99575,6.33479
5.0030,-4.99289,-4.15496,6.56222
5.0031,-4.92586,-4.25551,6.67954
5.0213,-5.07070,-4.31895,6.64123
5.0543,-5.29814,-4.39557,6.65559
5.0835,-5.37834,-4.41592,6.68672
5.0835,-5.41186,-4.47098,6.72263
5.1040,-5.51241,-4.49133,6.74418
5.1406,-5.66204,-4.51407,6.72742
5.1406,-5.84040,-4.53921,6.70826
5.1610,-5.95652,-4.62181,6.78966
5.2013,-6.06066,-4.73672,6.79325
5.2014,-6.13129,-4.82291,6.82438
5.2293,-6.12051,-4.78820,6.75854
5.2537,-6.02355,-4.64096,6.72861
5.2600,-5.91702,-4.54160,6.73340
5.2892,-5.90864,-4.48894,6.70707
5.3039,-5.94335,-4.47098,6.65559
5.3202,-5.95293,-4.42669,6.57898
5.3550,-6.00560,-4.37641,6.53828
5.3632,-5.99243,-4.27347,6.45569
5.3791,-5.97926,-4.20763,6.41140
5.4043,-5.91103,-4.13341,6.30127
5.4276,-5.93736,-4.14538,6.31683
5.4375,-5.86794,-4.12144,6.14206
5.4893,-5.90504,-4.12144,6.11692
5.4910,-5.90624,-4.18249,6.10735
5.4998,-5.94096,-4.20523,6.06665
5.5541,-6.10615,-4.37522,6.15762
5.5542,-6.04749,-4.42549,6.08939
5.5559,-6.14685,-4.48654,6.13248
5.6042,-6.22346,-4.56076,6.18396
5.6042,-6.10256,-4.49133,6.10136
5.6180,-5.99482,-4.46260,6.12291
5.6536,-5.85836,-4.34409,6.08700
5.6763,-5.91941,-4.35127,6.07622
5.6764,-5.88829,-4.39916,6.05228
5.6947,-5.91702,-4.42070,6.13368
5.7358,-5.91223,-4.41472,6.14805
5.7359,-5.96370,-4.40035,6.16959
5.7618,-5.91582,-4.38479,6.15523
5.7950,-5.97328,-4.37641,6.17079
5.7950,-5.94574,-4.33691,6.12530
5.8241,-5.98764,-4.36923,6.21628
5.8530,-5.94814,-4.33092,6.19952
5.8530,-6.02236,-4.35487,6.24620
5.8932,-6.00679,-4.39317,6.24501
5.8942,-6.03552,-4.36564,6.25339
5.9119,-6.08221,-4.42789,6.22825
5.9532,-6.03433,-4.38599,6.24501
5.9533,-6.01517,-4.37282,6.23423
5.9724,-6.05946,-4.46260,6.24501
6.0026,-6.13727,-4.47218,6.31683
6.0287,-6.10854,-4.43986,6.24022
6.0312,-6.05228,-4.38599,6.23663
6.0569,-5.92061,-4.33092,6.23543
6.0912,-5.91462,-4.29741,6.23304
6.0913,-5.92300,-4.30818,6.26177
6.1499,-5.96729,-4.36684,6.30725
6.1499,-5.93497,-4.37761,6.29887
6.1500,-6.01278,-4.43986,6.27613
6.2012,-6.00679,-4.43267,6.33718
6.2012,-5.98405,-4.41592,6.33239
6.2094,-6.00799,-4.39197,6.29169
6.2533,-6.01039,-4.41951,6.24979
6.2533,-6.04510,-4.47936,6.26416
6.2693,-6.04510,-4.50689,6.24142
6.2951,-6.03193,-4.49612,6.23064
6.3292,-5.97447,-4.48056,6.21508
6.3292,-5.94934,-4.48415,6.21388
6.3530,-5.88589,-4.49372,6.23543
6.3881,-5.87871,-4.50091,6.20311
6.3881,-5.87512,-4.50210,6.18037
6.4302,-5.91821,-4.53682,6.20431
6.4315,-5.92899,-4.57512,6.20910
6.4477,-5.93497,-4.56196,6.22585
6.4872,-5.94455,-4.56555,6.21508
6.4949,-5.90026,-4.53323,6.16361
6.5056,-5.85477,-4.50689,6.20191
6.5543,-5.85716,-4.50569,6.16959
6.5543,-5.85956,-4.47577,6.12650
6.5707,-5.88829,-4.48175,6.15403
6.6040,-5.96849,-4.50928,6.18515
6.6256,-5.95652,-4.49851,6.17438
6.6257,-5.94694,-4.45901,6.13368
6.6540,-5.88829,-4.42190,6.13129
6.6850,-5.83083,-4.37043,6.16480
6.6850,-5.85237,-4.37162,6.20431
6.7450,-5.93138,-4.40035,6.21747
6.7450,-5.92300,-4.39796,6.24501
6.7450,-5.91223,-4.38000,6.24261
6.8056,-5.91582,-4.35127,6.27014
6.8056,-5.93138,-4.34290,6.28930
6.8056,-5.95293,-4.35247,6.29528
6.8278,-5.97926,-4.42190,6.32162
6.8572,-6.01517,-4.44584,6.31683
6.8650,-6.08819,-4.45422,6.33359
6.8930,-6.02236,-4.39796,6.37070
6.9041,-5.97687,-4.42310,6.37309
6.9230,-5.93737,-4.43626,6.41259
6.9511,-5.90385,-4.44943,6.44132
6.9613,-5.88709,-4.42549,6.42456
6.9844,-5.82963,-4.41592,6.43893
7.0009,-5.77696,-4.40035,6.43055
7.0278,-5.74584,-4.41113,6.44491
7.0403,-5.79851,-4.46859,6.39224
7.0903,-5.83681,-4.48056,6.36112
7.0903,-5.83202,-4.50091,6.34197
7.1016,-5.84160,-4.48894,6.35753
7.1584,-5.79252,-4.47936,6.30007
7.1594,-5.77696,-4.45781,6.21628
7.1594,-5.83562,-4.49971,6.22466
7.2041,-5.80928,-4.52485,6.24142
7.2042,-5.87153,-4.51886,6.21388
7.2203,-5.81287,-4.47696,6.15164
7.2532,-5.74225,-4.44225,6.17917
7.2787,-5.70753,-4.42070,6.16600
7.2787,-5.73267,-4.43986,6.14924
7.3042,-5.80808,-4.48534,6.18156
7.3388,-5.80689,-4.48534,6.16840
7.3388,-5.79252,-4.46739,6.15044
7.3613,-5.79492,-4.44824,6.17797
7.3983,-5.85836,-4.46859,6.23184
7.3983,-5.98884,-4.60146,6.30845
7.4296,-5.96250,-4.61223,6.31204
7.4555,-5.90864,-4.61223,6.30606
7.4555,-5.90744,-4.56435,6.27493
7.4865,-5.82604,-4.52245,6.27972
7.5036,-5.73147,-4.43746,6.27493
7.5165,-5.76499,-4.45781,6.32760
7.5577,-5.72668,-4.45183,6.30606
7.5620,-5.61177,-4.41711,6.23663
7.5798,-5.58424,-4.31536,6.27254
7.6032,-5.61536,-4.22678,6.35753
7.6246,-5.66923,-4.21002,6.38386
7.6355,-5.69077,-4.22678,6.40062
7.6971,-5.72668,-4.26868,6.41499
7.6972,-5.69556,-4.25551,6.52751
7.6972,-5.92300,-4.40873,6.69390
7.7559,-6.12291,-4.52006,6.63524
7.7560,-6.21388,-4.54879,6.58377
7.7560,-6.17917,-4.53682,6.57898
7.8019,-5.93856,-4.46140,6.49639
7.8019,-5.73028,-4.29382,6.37788
7.8127,-5.75422,-4.25791,6.42576
7.8536,-5.75182,-4.28783,6.34436
7.8536,-5.63331,-4.29023,6.25458
7.8729,-5.53157,-4.20164,6.10615
7.8946,-5.48608,-4.18967,6.07503
7.9322,-5.53157,-4.28903,6.06306
7.9323,-5.51241,-4.27706,5.95412
7.9566,-5.57825,-4.43028,5.92659
7.9911,-5.53276,-4.59308,5.97806
7.9911,-5.46214,-4.72954,5.96969
8.0202,-5.53396,-4.80017,5.82963
8.0573,-5.56389,-4.94621,6.01038
8.0573,-5.62972,-5.21674,6.23064
8.0902,-5.64768,-5.38672,6.21867
8.0945,-5.67521,-5.42144,6.04869
8.1121,-5.61177,-5.35799,5.98046
8.1545,-5.53396,-5.49446,6.51075
8.1545,-5.48249,-5.61177,6.82917
8.1693,-5.43820,-5.52438,6.70228
8.2041,-5.31849,-5.21914,6.22705
8.2206,-5.15689,-5.24427,5.99123
8.2296,-4.83488,-5.40947,6.24142
8.2539,-4.81094,-5.28856,6.38027
8.2888,-5.11858,-5.43700,6.03433
8.2889,-4.86122,-5.49326,6.28211
8.3468,-4.71637,-5.54234,6.16720
8.3479,-5.21914,-5.50523,5.90983
8.3479,-5.28617,-5.34243,6.89500
8.4046,-4.79059,-5.33166,7.34869
8.4046,-5.38193,-5.24547,7.04344
8.4070,-5.64528,-4.99050,6.63764
8.4268,-3.77669,-4.72236,6.98359
8.4537,-4.64695,-5.18442,7.23138
8.4663,-4.85882,-4.96775,7.04703
8.4964,-5.14492,-5.25505,6.49519
8.5285,-5.92061,-5.39271,6.73939
8.5285,-5.76499,-5.10901,6.86029
8.5546,-5.53516,-4.95698,6.89141
8.5854,-5.20118,-4.83368,6.76812
8.5854,-4.98691,-4.85523,6.59095
8.6271,-5.07908,-5.09225,6.71904
8.6271,-4.85763,-5.29096,6.64362
8.6474,-4.84685,-5.26462,6.59574
8.6931,-4.84087,-5.36039,6.63285
8.6932,-4.77264,-5.52558,6.69749
8.7048,-4.70919,-5.47411,6.54666
8.7556,-4.74151,-5.53875,6.48801
8.7572,-4.60146,-5.46812,6.52272
8.7623,-4.54879,-5.35081,6.43175
8.8035,-4.69124,-5.36278,6.39224
8.8228,-4.71039,-5.28018,6.61968
8.8228,-4.60625,-5.22392,6.53110
8.8533,-4.37881,-5.30413,6.41140
8.8879,-4.25431,-5.08147,6.11453
8.8879,-4.28783,-4.91748,6.19832
8.9129,-4.60026,-4.86002,6.49040
8.9411,-4.89234,-4.77024,6.73580
8.9412,-5.17484,-4.71039,6.66996
8.9611,-5.32687,-4.74271,6.92852
9.0011,-5.39630,-4.71997,7.04942
9.0011,-5.40707,-4.67567,7.04703
9.0294,-5.34842,-4.71039,6.86627
9.0543,-5.11978,-4.69483,6.74418
9.0605,-4.97613,-4.73313,6.89022
9.0894,-5.02402,-4.61103,6.93690
9.1038,-5.32687,-4.64814,6.75495
9.1191,-5.48608,-4.49612,6.72143
9.1561,-5.57466,-4.54400,6.83635
9.1614,-5.52438,-4.52365,6.82318
9.1811,-5.23470,-4.60266,6.72383
9.2045,-5.07788,-4.81573,6.77769
9.2275,-5.02880,-4.95339,6.59335
9.2378,-5.37116,-4.80136,6.27254
9.2889,-5.00726,-5.06112,6.23304
9.2907,-4.85882,-5.12457,6.42097
9.3060,-4.81453,-5.15090,6.52871
9.3542,-4.95818,-5.04317,6.25219
9.3542,-4.71757,-5.09704,6.10495
9.3557,-4.52365,-5.10063,6.20431
9.4041,-4.56076,-4.97613,6.41020
9.4042,-5.04915,-5.18681,6.49639
9.4199,-5.38193,-5.28018,6.73340
9.4527,-5.30532,-5.25624,6.93092
9.4762,-4.99289,-5.03479,7.08893
9.4763,-4.67328,-4.91748,7.06379
9.4949,-4.66849,-4.74271,6.96922
9.5357,-4.87438,-4.92346,6.77769
9.5357,-4.74151,-4.93903,6.75495
9.5619,-4.75348,-5.06950,6.97521
9.5955,-4.54160,-5.01803,6.93331
9.5955,-4.40993,-4.89833,6.86268
9.6238,-4.40873,-4.87199,6.89381
9.6554,-4.44943,-4.83608,7.02548
9.6555,-4.59667,-4.90311,7.09012
9.6957,-4.65293,-4.94621,7.19187
9.6957,-4.82291,-5.03718,7.27686
9.7140,-4.92586,-5.11140,7.14519
9.7533,-4.83129,-5.04437,7.11526
9.7533,-4.69962,-5.13055,7.00633
9.7724,-4.61223,-4.95938,7.08893
9.8015,-4.79777,-5.23230,6.89860
9.8222,-4.60146,-5.20477,7.04583
9.8322,-4.54041,-5.24068,6.79804
9.8550,-4.40993,-5.23111,6.72502
9.8909,-4.34170,-5.34243,6.65440
9.8910,-4.43507,-5.31729,6.66158
9.9501,-4.46021,-5.42144,6.60173
9.9515,-4.58470,-5.40228,6.71186
9.9515,-4.60505,-5.52558,6.55145
10.0021,-4.59068,-5.54354,6.38267
10.0021,-4.46859,-5.49805,6.49399
10.0077,-4.32614,-5.49805,6.61849
10.0533,-4.32853,-5.47291,6.70707
10.0533,-4.49492,-5.36996,6.77171
10.0716,-4.66610,-5.34961,6.73699
10.0990,-4.73672,-5.33046,6.72742
10.1295,-4.73672,-5.28976,6.73819
10.1295,-4.65892,-5.28856,6.80044
10.1534,-4.60026,-5.31610,6.73460
10.1881,-4.43387,-5.23111,6.60771
10.1881,-4.42789,-5.25026,6.57779
10.2297,-4.46859,-5.25265,6.52990
10.2298,-4.56794,-5.27540,6.54547
10.2481,-4.64216,-5.30772,6.58976
10.2874,-4.67328,-5.34123,6.65440
10.2945,-4.66849,-5.39271,6.67834
10.3054,-4.70560,-5.36278,6.67116
10.3550,-4.60984,-5.32088,6.55744
10.3569,-4.48295,-5.29575,6.58018
10.3801,-4.33452,-5.28856,6.61968
10.4040,-4.39078,-5.27779,6.68672
10.4256,-4.27107,-5.15809,6.90937
10.4256,-4.43866,-5.12696,6.88184
10.4532,-4.55956,-5.06352,6.86029
10.4857,-4.75588,-5.04915,6.75615
10.4870,-5.06232,-5.13534,6.64243
10.5450,-5.11140,-5.19759,6.74058
10.5450,-5.11260,-5.29575,6.83036
10.5450,-4.95459,-5.42503,6.58138
10.6048,-4.84446,-5.40827,6.53589
10.6048,-4.89354,-5.53157,6.34436
10.6048,-5.01085,-5.56029,6.25339
10.6273,-5.04796,-5.67641,6.13847
10.6546,-5.07788,-5.57825,6.15164
10.6636,-4.99529,-5.59022,6.16361
10.6927,-4.85164,-5.60459,6.17079
10.7033,-4.73313,-5.55551,6.19234
10.7230,-4.74630,-5.50882,6.19353
10.7536,-4.75468,-5.46214,6.24740
10.7658,-4.79777,-5.43221,6.27852
10.7819,-4.99768,-5.40228,6.30007
10.8215,-4.92107,-5.36996,6.50477
10.8278,-4.74271,-5.34483,6.62088
10.8409,-4.65413,-5.33884,6.67954
10.8933,-4.57871,-5.21914,6.83994
10.8934,-4.59906,-5.17724,6.69869
10.9018,-4.66969,-5.13295,6.75375
10.9545,-4.58709,-5.10661,6.75974
10.9545,-4.52126,-5.05634,6.85550
10.9589,-4.57033,-5.13055,6.83755
11.0006,-4.63617,-5.10901,6.90458
11.0006,-4.60385,-5.06352,6.96443
11.0204,-4.61223,-5.16287,7.01950
11.0546,-4.58350,-5.05634,7.05661
11.0799,-4.56196,-5.10661,7.01232
11.0799,-4.60265,-5.12217,6.97640
11.1041,-4.52245,-5.08746,7.03985
11.1382,-4.17770,-4.81453,7.29362
11.1382,-3.94428,-4.63258,7.54141
11.1636,-3.73599,-4.32733,7.99390
11.1987,-3.74796,-4.25072,8.19380
11.1988,-3.81021,-4.20643,8.35900
11.2266,-3.55763,-3.93111,8.63671
11.2534,-3.34575,-3.99695,8.59003
11.2561,-3.08240,-4.06757,8.82465
11.2868,-2.59640,-3.76951,9.15264
11.3058,-2.21813,-4.00174,9.16341
11.3180,-1.58250,-3.48700,9.36571
11.3539,-1.52265,-3.22605,9.31185
11.3611,-1.45801,-2.89087,9.85890
11.3760,-1.56215,-3.11353,10.17851
11.4028,-2.34023,-3.48222,10.24555
11.4249,-3.17338,-4.12862,10.49812
11.4378,-3.87245,-5.45256,9.75954
11.4939,-4.53442,-6.59814,8.39132
11.4940,-4.81573,-8.13994,6.50716
11.4940,-5.02042,-9.94987,5.19639
11.5582,-5.76978,-11.65687,4.21122
11.5582,-7.19427,-12.39784,3.14106
11.5582,-7.40016,-11.41267,2.60358
11.6027,-6.31204,-9.95825,2.53894
11.6028,-4.74151,-8.62474,2.88010
11.6144,-3.47982,-7.46600,3.55763
11.6541,-2.68738,-6.80523,4.41113
11.6542,-2.33185,-6.44013,5.10422
11.6728,-2.17145,-6.16720,5.49446
11.6957,-2.13554,-5.73267,5.73506
11.7316,-2.16427,-5.37834,6.09897
11.7316,-2.26003,-5.18801,6.54666
11.7532,-2.57844,-5.20956,6.99675
11.7920,-2.96150,-5.19041,7.08414
11.7921,-3.33618,-5.10302,7.12963
11.8212,-3.66058,-5.16287,7.30679
11.8519,-4.02089,-5.19160,7.33791
11.8519,-4.32973,-5.16407,7.32475
11.8915,-4.69483,-5.11978,7.31158
11.8948,-5.02282,-5.14971,7.18230
11.9079,-5.16646,-5.06591,6.94408
11.9637,-5.25864,-4.91628,6.89022
11.9637,-5.32687,-4.76306,6.94528
11.9713,-5.41066,-4.77982,6.97401
12.0017,-5.59980,-4.70680,6.82797
12.0183,-5.83202,-4.62899,6.80642
12.0290,-5.98884,-4.43387,6.83874
12.0534,-6.04989,-4.28065,6.79325
12.0986,-6.12889,-4.39078,6.66517
12.0986,-6.22107,-4.25790,6.52153
12.1474,-6.31324,-4.08912,6.44731
12.1474,-6.31683,-4.04962,6.35753
12.1474,-6.20910,-4.03765,6.42696
12.2044,-6.00560,-3.84612,6.59335
12.2044,-5.99482,-3.85330,6.84712
12.2055,-5.89188,-3.83535,6.85909
12.2289,-5.84639,-3.79465,6.77769
12.2541,-5.96011,-3.76831,6.78488
12.2668,-6.03552,-3.78866,6.77530
12.2947,-6.00919,-3.80781,6.69869
12.3258,-5.97447,-3.76711,6.76572
12.3258,-5.97567,-3.65818,6.75495
12.3632,-6.03193,-3.58397,6.66397
12.3874,-6.26057,-3.60551,6.65081
12.3874,-6.41978,-3.64621,6.72502
12.4244,-6.44850,-3.63903,6.65200
12.4276,-6.54666,-3.67135,6.60652
12.4447,-6.60292,-3.67853,6.52990
12.4931,-6.71305,-3.69290,6.37070
12.4942,-6.70228,-3.68093,6.16480
12.5064,-6.71784,-3.77071,6.12051
12.5549,-6.63644,-3.78986,5.98764
12.5550,-6.67355,-3.83295,5.90504
12.5640,-6.61729,-3.76711,5.86075
12.6031,-6.63405,-3.81500,5.83681
12.6236,-6.43653,-3.74198,5.71950
12.6251,-6.41738,-3.73958,5.72908
12.6540,-6.35513,-3.70966,5.71352
12.6824,-6.39224,-3.81859,5.72190
12.6824,-6.35633,-3.85689,5.74105
12.7038,-6.47245,-3.99216,5.86075
12.7407,-6.46526,-3.99934,5.87871
12.7407,-6.55744,-4.05800,5.87392
12.7607,-6.49998,-4.03166,5.89307
12.8018,-6.48561,-4.06039,5.91582
12.8018,-6.46048,-4.01610,5.86315
12.8278,-6.55624,-3.99934,5.83801
12.8535,-6.54906,-3.96343,5.87991
12.8609,-6.62088,-4.03166,5.93377
12.8896,-6.63285,-4.02209,5.82963
12.9037,-6.71904,-4.03047,5.81766
12.9206,-6.71545,-3.97899,5.84400
12.9538,-6.71066,-3.92752,5.84878
12.9609,-6.61609,-3.87605,5.76619
12.9796,-6.55265,-3.84971,5.78654
13.0041,-6.62567,-3.84732,5.82245
13.0299,-6.72622,-3.80303,5.78175
13.0398,-6.81001,-3.80422,5.80689
13.0883,-6.80403,-3.84971,5.82365
13.0884,-6.83395,-3.88323,5.87272
13.0981,-6.91416,-3.92393,5.88948
13.1563,-6.91535,-3.83295,5.83202
13.1563,-6.87465,-3.79465,5.85118
13.1564,-6.73340,-3.75036,5.83083
13.2039,-6.81121,-3.84253,5.87871
13.2039,-6.87825,-3.82338,5.88230
13.2173,-6.91775,-3.88203,5.87272
13.2533,-6.81241,-3.83415,5.81766
13.2763,-6.73340,-3.81978,5.84998
13.2763,-6.75256,-3.88203,5.84400
13.2992,-6.71066,-3.84373,5.82365
13.3359,-6.65440,-3.88682,5.85956
13.3360,-6.72981,-3.92393,5.89427
13.3611,-6.69031,-3.89161,5.80808
13.3951,-6.65320,-3.88562,5.82245
13.3951,-6.60053,-3.86767,5.85597
13.4253,-6.61489,-3.89879,5.85477
13.4621,-6.60652,-3.93231,5.82484
13.4621,-6.66158,-4.01730,5.80689
13.4930,-6.66876,-3.98139,5.85477
13.4932,-6.73340,-4.02687,5.91941
13.5140,-6.62447,-3.95505,5.83801
13.5555,-6.53948,-3.88802,5.78773
13.5556,-6.61130,-3.91914,5.73028
13.5727,-6.56342,-3.85570,5.70274
13.6031,-6.54187,-3.88802,5.77457
13.6220,-6.53230,-3.82457,5.75900
13.6312,-6.60173,-3.77549,5.72668
13.6531,-6.70228,-3.84133,5.72788
13.6918,-6.72622,-3.85450,5.77098
13.6927,-6.66876,-3.84253,5.76619
13.7510,-6.67714,-3.85330,5.78175
13.7510,-6.68313,-3.84732,5.80808
13.7510,-6.73819,-3.84732,5.81048
13.8032,-6.78009,-3.84732,5.85716
13.8032,-6.77769,-3.89520,5.89307
13.8100,-6.78368,-3.89041,5.88470
13.8539,-6.76931,-3.90717,5.88948
13.8539,-6.80044,-3.91435,5.91223
13.8701,-6.83635,-3.99814,5.94814
13.8947,-6.79685,-3.99455,5.92659
13.9291,-6.75495,-4.00533,5.95053
13.9291,-6.68313,-3.98737,5.90145
13.9555,-6.65320,-4.02089,5.95173
13.9885,-6.63764,-4.08314,5.96250
13.9885,-6.65799,-4.11067,5.91941
14.0277,-6.61729,-4.08792,5.92180
14.0278,-6.61609,-4.09032,5.91702
14.0473,-6.52631,-4.05082,5.90145
14.0911,-6.53589,-4.03166,5.87153
14.0947,-6.54068,-4.03645,5.84400
14.1049,-6.53230,-4.10468,5.82724
14.1543,-6.55744,-4.10229,5.85716
14.1543,-6.55265,-4.09750,5.79611
14.1670,-6.54786,-4.05082,5.78773
14.2041,-6.51793,-4.05321,5.78055
14.2274,-6.52751,-4.02209,5.76619
14.2287,-6.52512,-4.01131,5.76858
14.2555,-6.55145,-4.03525,5.71711
14.2849,-6.51913,-4.04722,5.68359
14.2850,-6.60532,-4.07715,5.72668
14.3445,-6.62567,-4.08792,5.69676
14.3446,-6.59694,-4.06159,5.67761
14.3446,-6.56462,-4.04363,5.66324
14.4031,-6.56701,-4.04842,5.67641
14.4031,-6.58617,-4.09989,5.70155
14.4031,-6.59095,-4.14179,5.71471
14.4279,-6.60173,-4.14538,5.75900
14.4538,-6.64841,-4.18369,5.77337
14.4635,-6.59814,-4.15975,5.78175
14.4934,-6.57180,-4.14419,5.82484
14.5037,-6.53110,-4.13341,5.82604
14.5232,-6.55624,-4.16573,5.89307
14.5530,-6.58497,-4.23636,5.92899
14.5620,-6.65200,-4.23636,5.89427
14.5827,-6.61968,-4.19566,5.85956
14.6228,-6.58257,-4.19446,5.89906
14.6281,-6.51434,-4.20404,5.92180
14.6406,-6.61489,-4.20523,5.90744
14.6911,-6.66756,-4.21361,5.83322
14.6911,-6.68313,-4.20404,5.82125
14.7011,-6.63165,-4.19925,5.82125
14.7544,-6.66158,-4.16932,5.81407
14.7559,-6.64243,-4.15376,5.77696
14.7596,-6.54187,-4.14658,5.76978
14.8011,-6.51315,-4.14419,5.72788
14.8011,-6.55504,-4.17172,5.70394
14.8198,-6.58257,-4.15376,5.71471
14.8539,-6.56342,-4.11665,5.70155
14.8791,-6.58617,-4.09151,5.67042
14.8791,-6.54187,-4.10827,5.64648
14.9040,-6.51075,-4.09989,5.69915
14.9392,-6.49639,-4.11306,5.70993
14.9392,-6.51554,-4.10947,5.72668
14.9611,-6.46167,-4.11186,5.72549
14.9981,-6.45329,-4.14059,5.72070
14.9981,-6.55504,-4.18967,5.77816
15.0363,-6.57180,-4.18967,5.76858
15.0592,-6.53110,-4.15376,5.78893
15.0592,-6.47963,-4.17411,5.80330
15.0875,-6.56222,-4.23636,5.75302
15.1037,-6.57300,-4.23037,5.76738
15.1165,-6.56462,-4.24833,5.82724
15.1533,-6.50955,-4.30938,5.88350
15.1611,-6.54906,-4.35008,5.87153
15.1770,-6.57659,-4.38599,5.89307
15.2043,-6.53469,-4.33691,5.85357
15.2255,-6.48442,-4.32255,5.89068
15.2360,-6.38865,-4.29860,5.88948
15.2959,-6.36950,-4.33212,5.87991
15.2959,-6.38746,-4.38599,5.85716
15.2959,-6.39224,-4.39437,5.85237
15.3565,-6.39703,-4.38479,5.87871
15.3565,-6.36232,-4.38838,5.85477
15.3566,-6.39583,-4.43148,5.86435
15.4040,-6.39344,-4.43267,5.79851
15.4040,-6.42935,-4.45302,5.81167
15.4141,-6.44132,-4.44584,5.82125
15.4654,-6.41618,-4.43267,5.80569
15.4654,-6.40062,-4.43507,5.81886
15.4738,-6.44731,-4.46499,5.83083
15.4948,-6.43414,-4.48654,5.81766
15.5328,-6.44013,-4.50210,5.85597
15.5329,-6.42217,-4.48774,5.91582
15.5534,-6.35154,-4.40394,5.88350
15.5944,-6.28930,-4.37761,5.87153
15.5944,-6.26296,-4.38120,5.87751
15.6216,-6.32760,-4.45063,5.86913
15.6508,-6.32880,-4.46499,5.85357
15.6508,-6.34795,-4.44584,5.86554
15.6902,-6.31324,-4.40754,5.84040
15.6944,-6.29169,-4.40514,5.85956
15.7093,-6.36471,-4.51647,5.89547
15.7552,-6.48920,-4.67927,5.92061
15.7570,-6.66278,-4.82890,6.01637
15.7714,-6.83036,-5.02282,6.08101
15.8012,-7.03027,-5.16646,6.12291
15.8191,-6.99077,-5.18801,6.06545
15.8286,-6.71066,-5.08985,6.01158
15.8533,-6.47005,-4.95100,6.09777
15.8682,-6.38746,-4.99409,6.29887
15.8890,-6.36950,-5.08866,6.28211
15.9476,-6.11094,-4.98691,6.28690
15.9477,-5.58663,-4.77982,6.47245
15.9477,-5.36757,-4.62181,6.61489
16.0058,-5.32807,-4.57273,6.70348
16.0059,-5.38433,-4.62300,6.73460
16.0059,-5.53755,-4.63857,6.58138
16.0289,-5.66803,-4.46380,6.31922
16.0545,-5.73147,-4.20045,6.18635
16.0664,-5.68359,-3.89280,6.12889
16.0950,-5.76379,-3.70966,6.13248
16.1256,-5.84998,-3.60192,6.13727
16.1256,-6.16121,-3.73360,6.25698
16.1541,-6.49040,-4.10468,6.59454
16.1861,-6.48083,-4.40754,6.57779
16.1861,-6.37309,-4.66251,6.44252
16.2250,-6.19952,-4.71757,6.29049
16.2278,-6.00320,-4.53442,6.15044
16.2445,-5.57466,-4.24833,5.77696
16.2964,-5.20118,-3.59953,5.36278
16.2981,-5.15090,-2.92798,5.45376
16.3059,-5.23230,-2.63949,5.73985
16.3555,-5.00845,-2.43839,5.76858
16.3555,-5.03000,-2.25883,5.43460
16.3644,-5.37116,-2.25644,5.39510
16.4037,-5.45735,-2.26961,5.64888
16.4246,-5.56029,-2.49705,5.95173
16.4247,-5.48847,-2.38213,6.07981
16.4554,-5.25265,-2.03858,6.11812
16.4829,-5.17484,-2.13434,6.54666
16.4829,-5.30293,-2.64428,7.18349
16.5040,-5.56628,-3.25119,7.61563
16.5411,-5.66085,-3.69409,7.79040
16.5411,-5.37236,-3.87365,7.86701
16.5615,-4.85763,-3.86288,7.93883
16.6027,-4.62181,-4.22558,8.19739
16.6027,-4.46021,-5.11978,8.25605
16.6279,-4.26030,-5.82005,7.81434
16.6533,-4.22439,-5.98764,7.32834
16.6607,-4.26389,-6.22585,6.90458
16.6901,-4.06279,-6.68313,6.81839
16.7168,-4.10349,-7.26370,6.95605
16.7202,-4.40993,-7.58690,7.03745
16.7539,-4.23875,-7.37861,6.72742
16.7595,-3.50137,-6.91775,6.56462
16.7790,-2.65386,-6.60173,6.44252
16.8046,-2.48627,-6.51195,6.64243
16.8292,-3.59594,-6.62806,7.51029
16.8393,-4.31177,-6.35274,7.23975
16.8886,-4.48534,-6.17438,7.68266
16.8886,-4.37162,-6.00799,7.71259
16.8986,-4.27347,-5.36398,6.84832
16.9534,-4.02687,-5.20956,6.12530
16.9542,-3.51334,-5.43939,6.45928
16.9556,-3.49538,-5.54114,7.01830
17.0044,-3.53848,-5.42742,7.18349
17.0045,-3.62347,-5.43460,7.01471
17.0174,-4.18010,-5.52917,7.23975
17.0535,-4.93663,-6.05707,7.49951
17.0769,-4.71039,-5.92061,6.96324
17.0769,-4.10229,-5.60578,6.90937
17.0963,-3.00579,-5.58184,6.75256
17.1365,-2.73167,-5.85716,6.05108
17.1366,-3.47384,-6.41499,6.14565
17.1612,-4.28304,-6.39224,6.70707
17.1956,-4.15017,-6.75256,7.00633
17.1957,-3.84253,-6.93930,6.50357
17.2255,-3.63903,-6.63524,6.37070
17.2560,-3.69290,-7.24574,7.07815
17.2561,-2.79990,-7.72935,8.39251
17.2930,-1.45322,-7.18110,9.61350
17.2932,-0.96841,-6.68672,9.65660
17.3139,-1.19705,-6.23782,9.58837
17.3548,-1.24014,-5.76978,9.22686
17.3568,-0.95525,-5.35320,8.74445
17.3865,-0.90736,-5.08866,8.13036
17.4028,-0.92173,-4.98092,8.24887
17.4223,-1.13600,-4.81812,8.58165
17.4316,-1.59327,-4.52365,8.16507
17.4532,-2.13314,-4.26269,7.43248
17.4928,-2.14152,-4.08792,6.91176
17.4942,-1.86500,-3.96343,6.61250
17.5512,-2.08167,-4.06518,6.53110
17.5512,-2.59640,-4.35846,6.27613
17.5513,-3.03452,-4.71278,5.64888
17.6040,-3.19971,-5.09464,5.44657
17.6040,-3.43553,-5.40707,5.93018
17.6094,-3.55763,-5.74344,6.35394
17.6543,-3.52052,-6.03074,5.92539
17.6543,-3.73001,-6.23064,5.72908
17.6702,-4.49612,-6.48561,5.55670
17.6946,-4.83368,-6.44372,5.70633
17.7290,-5.00845,-6.38386,6.05946
17.7290,-4.87917,-6.48442,6.83874
17.7544,-4.86002,-6.26536,7.06259
17.7895,-4.59308,-5.96969,6.80283
17.7895,-4.25312,-5.55072,6.76572
17.8276,-3.87245,-5.71831,6.71904
17.8277,-3.39364,-5.96011,7.46001
17.8476,-3.04290,-5.04437,7.59648
17.8909,-3.41518,-5.46214,7.24215
17.8957,-3.32540,-5.26702,7.11646
17.9061,-3.71564,-5.45017,7.04224
17.9539,-3.91435,-5.35440,7.18469
17.9539,-3.70966,-5.18562,7.22659
17.9667,-3.73240,-5.22991,7.08414
18.0038,-3.84013,-5.23350,7.10808
18.0270,-4.01251,-5.30532,7.08893
18.0284,-4.26389,-5.35680,7.33432
18.0564,-4.68645,-5.67521,7.50191
18.0861,-4.95219,-5.77696,7.34390
18.0861,-4.99409,-5.87272,7.15955
18.1448,-4.84087,-5.73626,7.12723
18.1449,-4.56914,-5.68479,6.86388
18.1449,-4.40873,-5.73626,6.82198
18.2045,-4.34529,-5.72309,6.95605
18.2045,-4.31536,-5.77696,6.85550
18.2045,-4.18010,-5.74703,6.75974
18.2278,-4.10708,-5.67042,6.38626
18.2549,-4.78939,-5.68838,6.62567
18.2640,-4.37162,-5.69915,6.64961
18.2931,-4.29980,-5.98405,6.64722
18.3046,-4.45183,-6.15882,6.65919
18.3237,-4.61941,-6.30007,6.25099
18.3530,-4.61582,-6.11573,6.13727
18.3621,-4.31895,-5.78893,6.44970
18.3832,-4.28663,-5.55311,6.44013
18.4221,-4.21481,-5.39510,6.13847
18.4285,-4.00533,-5.23470,6.14805
18.4411,-3.62945,-5.13654,6.44851
18.4909,-3.50735,-5.17484,6.69390
18.4909,-3.57319,-5.15210,6.96443
18.5014,-3.74437,-5.26103,7.26130
18.5569,-4.03286,-5.54473,7.46360
18.5569,-4.31656,-5.77217,7.34031
18.5594,-4.56555,-5.72908,7.14399
18.6042,-4.40993,-5.69556,6.92852
18.6042,-4.26389,-5.66683,6.97760
18.6207,-4.25910,-5.76260,7.08294
18.6534,-4.29860,-5.82005,6.90099
18.6794,-4.15496,-5.74344,6.61489
18.6795,-4.09271,-5.71950,6.38267
18.7044,-4.05441,-5.82245,6.37908
18.7384,-3.96343,-5.95053,6.51195
18.7385,-3.77549,-6.05468,6.69989
18.7612,-3.65579,-5.94215,6.82438
18.7983,-3.77430,-5.80449,6.71784
18.7983,-3.86168,-5.72788,6.58736
18.8282,-4.05441,-5.72908,6.63524
18.8540,-4.12384,-5.78175,6.50117
18.8573,-4.34290,-5.82724,6.45090
18.8875,-4.39676,-5.82963,6.46287
18.9036,-4.37402,-5.87751,6.48561
18.9180,-4.48415,-5.88350,6.42576
18.9533,-4.54759,-5.89427,6.32760
18.9628,-4.41352,-5.78773,6.29289
18.9778,-4.25671,-5.76858,6.30486
19.0037,-4.17052,-5.63571,6.33239
19.0260,-4.19566,-5.67282,6.36112
19.0364,-4.18488,-5.58902,6.37070
19.1040,-4.26509,-5.53516,6.37429
19.1040,-4.19805,-5.59142,6.53350
19.1040,-3.96223,-5.55072,6.72502
19.1556,-3.85210,-5.56628,6.95605
19.1556,-3.73001,-5.45256,6.92732
19.1556,-3.71085,-5.53755,7.00753
19.2044,-3.88443,-5.67641,6.95965
19.2044,-3.91435,-5.67521,6.98598
19.2147,-3.92872,-5.69676,6.91416
19.2670,-4.15855,-5.72549,6.80523
19.2670,-4.46739,-5.68479,6.73460
19.2766,-4.40155,-5.81167,6.70707
19.2944,-4.37402,-5.76260,6.73580
19.3330,-4.27347,-5.73028,6.66756
19.3330,-4.25551,-5.88110,6.47364
19.3537,-4.12144,-5.81646,6.45808
19.3941,-4.08673,-5.77935,6.32042
19.3941,-4.26988,-5.72190,6.32880
19.4213,-4.35846,-5.67641,6.48920
19.4509,-4.23995,-5.60698,6.57779
19.4509,-4.29621,-5.63331,6.57420
19.4909,-4.26389,-5.59860,6.80044
19.4946,-4.30339,-5.63331,6.89740
19.5094,-4.33452,-5.58184,6.78966
19.5558,-4.27107,-5.43700,6.73221
19.5574,-4.30100,-5.36757,6.72023
19.5705,-4.21840,-5.42144,6.74298
19.6035,-4.27466,-5.52797,6.69151
19.6196,-4.38958,-5.67761,6.71186
19.6290,-4.48415,-5.72190,6.75016
19.6535,-4.48774,-5.78175,6.67355
19.6890,-4.36325,-5.75541,6.68193
19.6904,-4.27586,-5.75063,6.57300
19.7484,-4.19925,-5.60099,6.46526
19.7484,-4.12623,-5.53516,6.47364
19.7484,-4.07476,-5.56269,6.61849
19.8037,-4.15616,-5.68479,6.69151
19.8038,-4.26509,-5.71232,6.59933
19.8064,-4.35606,-5.65127,6.52512
19.8299,-4.29980,-5.65486,6.55504
19.8525,-4.19686,-5.66204,6.66278
19.8665,-4.16214,-5.64648,6.73340
19.8952,-4.15496,-5.63092,6.75495
19.9265,-4.11905,-5.70035,6.78847
19.9265,-4.11067,-5.71831,6.88663
19.9543,-4.01849,-5.72788,6.86747
19.9770,-4.02687,-5.73866,6.81600
19.9860,-4.15496,-5.80689,6.84233
20.0046,-4.34649,-5.88948,6.80523
20.0448,-4.46859,-5.74943,6.69270
20.0448,-4.43028,-5.65127,6.60412
20.0706,-4.47577,-5.63571,6.63165
20.1012,-4.38719,-5.51840,6.69989
20.1063,-4.40275,-5.43221,6.74657
20.1393,-4.46260,-5.46453,6.71425
20.1551,-4.46619,-5.34602,6.62806
20.1641,-4.37881,-5.31370,6.53230
20.1996,-4.32853,-5.40707,6.49280
20.2047,-4.26987,-5.50044,6.44851
20.2239,-4.22199,-5.52558,6.38865
20.2651,-4.30818,-5.51122,6.33359
20.2746,-4.39437,-5.56987,6.25937
20.2855,-4.34170,-5.59621,6.26775
20.3041,-4.27466,-5.69796,6.30246
20.3388,-4.16094,-5.69556,6.42456
20.3403,-4.12384,-5.91702,6.56342
20.3615,-4.22199,-6.13129,6.75016
20.4015,-4.12144,-6.14685,6.78607
20.4027,-4.16334,-6.06306,6.59694
20.4539,-4.26988,-6.01757,6.37908
20.4539,-4.33332,-5.95053,6.36591
20.4654,-4.13581,-5.87871,6.34915
20.4901,-3.92034,-5.81527,6.43534
20.5036,-3.81260,-5.79970,6.45808
20.5204,-3.72761,-5.69676,6.48083
20.5395,-3.77071,-5.50164,6.63405
20.5813,-3.38885,-5.40228,7.18230
20.5813,-3.15423,-5.49206,7.51029
20.6013,-3.13986,-5.37715,7.74132
20.6396,-3.33259,-5.39510,7.67787
20.6396,-3.44271,-5.39750,7.40614
20.6741,-3.99814,-5.52079,7.09970
20.6883,-4.10947,-5.72908,6.86268
20.6983,-4.11306,-5.67282,6.78009
20.7391,-3.99455,-5.75182,6.78488
20.7391,-3.95864,-6.11453,6.67714
20.7581,-4.09391,-6.22466,6.62327
20.8003,-4.18369,-6.23423,6.26057
20.8016,-4.08912,-6.22107,5.97926
20.8194,-3.96223,-6.30606,6.01637
20.8539,-3.82218,-6.30486,6.21867
20.8726,-3.71564,-6.26177,6.54427
20.8765,-3.71804,-6.32042,6.66996
20.9033,-3.82457,-6.20311,6.58377
20.9366,-4.02209,-6.30486,6.40302
20.9366,-3.80542,-6.20790,6.45569
20.9974,-3.92273,-6.09657,6.50836
20.9974,-3.77190,-6.02355,6.48920
20.9975,-3.94308,-5.95173,6.41858
21.0252,-3.81859,-5.99722,6.59814
21.0563,-3.90478,-5.87751,6.66397
21.0563,-3.86647,-5.82724,6.73460
21.0991,-3.71325,-5.83562,6.78128
21.1051,-3.62945,-5.64050,6.82797
21.1166,-3.64861,-5.65726,6.78248
21.1391,-3.73479,-5.67761,6.79924
21.1541,-3.73599,-5.73865,6.86747
21.1747,-3.62107,-5.76738,7.06259
21.1995,-3.62107,-5.62853,6.88064
21.2231,-3.57678,-5.70035,6.77171
21.2325,-3.72641,-5.57945,6.65081
21.2533,-3.74796,-5.53276,6.74178
21.2734,-3.78986,-5.76379,6.75495
21.2924,-3.72881,-5.61536,6.92254
21.3390,-4.01131,-5.82724,6.81720
21.3390,-4.01131,-5.87991,6.91655
21.3526,-3.85330,-6.05108,6.93211
21.4031,-3.64861,-6.03792,6.81839
21.4032,-3.66537,-6.02355,6.62447
21.4095,-3.83176,-6.03672,6.50836
21.4537,-4.00533,-6.12410,6.50716
21.4537,-3.85570,-6.01757,6.61250
21.4702,-3.76711,-5.93497,6.66397
21.5060,-3.65699,-5.82005,6.79206
21.5338,-3.61030,-5.66923,7.03985
21.5338,-3.35533,-5.72668,7.29841
21.5536,-3.09557,-5.55551,7.76287
21.5895,-2.88609,-5.31729,7.89095
21.5895,-2.83222,-5.07310,7.89454
21.6189,-2.73047,-5.14013,7.88856
21.6557,-2.08765,-4.92945,8.81627
21.6557,-1.49392,-4.92586,9.54408
21.6828,-1.28922,-4.98451,9.80024
21.7037,-1.48554,-4.73912,9.61350
21.7065,-1.84106,-4.33212,9.08441
21.7387,-1.55018,-4.32614,8.86295
21.7532,-1.20782,-4.12264,8.89408
21.7673,-1.24373,-4.18488,9.00181
21.8007,-1.26768,-4.60984,8.61038
21.8268,-1.93683,-5.54354,8.48109
21.8271,-2.68259,-7.57972,8.18423
21.8532,-3.54686,-8.74325,7.03147
21.8725,-4.36205,-10.57114,4.52963
21.8862,-5.30293,-11.65328,3.34695
21.9388,-5.46094,-12.38707,2.04576
21.9396,-5.28617,-12.42896,2.17264
21.9432,-4.85643,-11.43302,2.76518
22.0003,-4.40993,-10.30659,2.47789
22.0003,-4.03525,-9.36811,2.23130
22.0035,-3.43793,-8.40448,2.62633
22.0565,-2.38093,-7.49592,3.48222
22.0565,-1.72974,-6.90099,4.63138
22.0672,-1.72854,-6.54786,5.40228
22.0948,-1.94042,-6.31803,5.96370
22.1047,-2.13434,-6.28451,6.55983
22.1241,-2.21574,-6.27374,7.29602
22.1538,-2.36178,-6.41140,7.87778
22.1839,-2.55091,-6.62926,8.30872
22.1839,-2.63351,-6.74178,8.42603
22.2060,-2.79032,-6.85071,8.14592
22.2417,-3.32540,-6.94528,8.36378
22.2417,-3.52651,-6.42097,8.23091
22.2727,-3.57080,-6.16361,7.87419
22.2911,-3.70966,-6.00440,7.43607
22.3015,-3.99934,-5.88589,7.23856
22.3397,-4.11067,-5.62972,7.28764
22.3414,-4.14658,-5.36757,7.28165
22.3667,-4.19446,-5.16886,7.19666
22.4015,-4.14059,-5.05155,7.16195
22.4016,-3.98258,-4.79418,7.14160
22.4202,-4.05321,-4.77742,7.29841
22.4534,-4.07476,-4.79418,7.34270
22.4742,-4.21002,-4.84925,7.24095
22.4796,-4.24115,-4.78221,7.28405
22.5044,-4.16334,-4.74870,7.34629
22.5383,-4.10468,-4.71278,7.28165
22.5383,-3.88203,-4.59547,7.17272
22.5980,-3.88802,-4.59068,7.14279
22.5981,-3.90956,-4.59667,7.05301
22.5981,-3.91555,-4.71997,7.11646
22.6365,-4.17052,-4.92346,7.03027
22.6674,-4.15376,-4.97733,6.82079
22.6674,-4.43267,-5.12936,6.81360
22.6878,-4.39916,-5.22033,6.66637
22.7039,-4.45183,-5.23709,6.61609
22.7178,-4.60625,-5.33405,6.67714
22.7386,-4.58949,-5.29814,6.51434
22.7805,-4.71637,-5.32208,6.53110
22.7805,-4.69363,-5.35919,6.53110
22.7999,-4.56555,-5.33046,6.53948
22.8261,-4.66011,-5.34483,6.39703
22.8365,-4.59068,-5.37236,6.36232
22.8726,-4.53442,-5.43341,6.54906
22.8850,-4.38240,-5.37355,6.49878
22.8950,-4.47098,-5.41066,6.53948
22.9393,-4.51647,-5.45495,6.46167
22.9393,-4.48175,-5.51122,6.44132
22.9556,-4.43387,-5.56987,6.53230
23.0000,-4.30100,-5.55072,6.49519
23.0000,-4.39557,-5.63331,6.64841
23.0147,-4.33930,-5.65486,6.59455
23.0657,-4.31656,-5.67282,6.56103
23.0672,-4.35247,-5.72549,6.55983
23.0743,-4.34409,-5.80090,6.72502
23.1036,-4.39437,-5.86315,6.83395
23.1331,-4.38838,-5.85477,6.77410
23.1331,-4.43267,-5.84040,6.71545
23.1535,-4.37522,-5.76619,6.65799
23.1947,-4.32614,-5.67880,6.65679
23.1947,-4.35127,-5.68000,6.76453
23.2220,-4.41472,-5.63691,6.69629
23.2512,-4.53921,-5.67042,6.69510
23.2512,-4.51407,-5.62134,6.55025
23.2725,-4.59188,-5.61536,6.58736
23.3037,-4.49372,-5.57705,6.61849
23.3099,-4.59068,-5.60937,6.62088
23.3476,-4.66730,-5.61296,6.58018
23.3545,-4.73194,-5.54473,6.55025
23.3702,-4.66251,-5.44897,6.54427
23.4008,-4.65413,-5.41186,6.49878
23.4195,-4.63617,-5.39750,6.44132
23.4297,-4.61702,-5.41665,6.45329
23.4532,-4.69602,-5.45974,6.44970
23.4740,-4.71398,-5.42503,6.39464
23.4901,-4.70800,-5.41425,6.36351
23.5392,-4.62660,-5.39750,6.37788
23.5393,-4.54759,-5.47770,6.42696
23.5474,-4.49133,-5.55910,6.41978
23.6014,-4.50689,-5.55311,6.41738
23.6028,-4.54998,-5.57346,6.41259
23.6072,-4.47936,-5.58543,6.41379
23.6538,-4.39557,-5.58663,6.33598
23.6539,-4.41831,-5.62015,6.29409
23.6664,-4.42669,-5.64768,6.28331
23.7030,-4.39317,-5.65845,6.29049
23.7292,-4.41352,-5.67880,6.29528
23.7293,-4.51048,-5.71830,6.27493
23.7543,-4.55238,-5.77696,6.29409
23.7865,-4.61702,-5.91821,6.35035
23.7865,-4.60744,-5.96250,6.37070
23.8046,-4.63138,-5.97567,6.33119
23.8446,-4.66730,-6.00201,6.38147
23.8446,-4.60265,-5.95293,6.36950
23.8751,-4.54280,-5.91582,6.37070
23.8947,-4.45542,-5.88469,6.35992
23.9041,-4.37522,-5.83921,6.34197
23.9388,-4.34529,-5.80449,6.42217
23.9550,-4.28544,-5.78295,6.37788
23.9639,-4.33930,-5.83681,6.38386
24.0013,-4.36085,-5.80808,6.36112
24.0045,-4.47218,-5.81886,6.37429
24.0241,-4.41352,-5.77457,6.41618
24.0544,-4.42070,-5.77576,6.38386
24.0732,-4.48534,-5.76140,6.38506
24.0829,-4.50450,-5.74105,6.37429
24.1027,-4.54879,-5.74464,6.40421
24.1483,-4.54998,-5.77696,6.41379
24.1483,-4.57393,-5.78773,6.41020
24.2017,-4.51407,-5.69556,6.39344
24.2017,-4.46140,-5.66444,6.38267
24.2017,-4.44584,-5.66085,6.41140
24.2533,-4.46859,-5.64409,6.42456
24.2533,-4.47098,-5.65366,6.46885
24.2608,-4.45781,-5.63451,6.46526
24.3003,-4.47577,-5.61416,6.49878
24.3048,-4.45063,-5.58424,6.48801
24.3206,-4.44704,-5.60937,6.48681
24.3537,-4.45183,-5.63092,6.48801
24.3804,-4.48056,-5.64050,6.50117
24.3804,-4.51407,-5.67401,6.50836
24.3998,-4.56914,-5.70633,6.52871
24.4482,-4.53562,-5.71950,6.48561
24.4483,-4.53562,-5.73028,6.45928
24.4727,-4.55597,-5.72549,6.46167
24.4883,-4.54520,-5.76140,6.46048
24.4990,-4.53203,-5.79013,6.47364
24.5387,-4.51886,-5.80210,6.46048
24.5387,-4.49133,-5.80449,6.44132
24.5585,-4.41232,-5.76140,6.39344
24.6019,-4.35127,-5.77217,6.41499
24.6036,-4.23516,-5.74105,6.46407
24.6175,-4.23157,-5.73985,6.41379
24.6537,-4.23875,-5.77098,6.45688
24.6730,-4.17531,-5.72070,6.45210
24.6774,-4.18369,-5.74584,6.44013
24.7043,-4.15735,-5.73387,6.44850
24.7368,-4.18129,-5.73626,6.44731
24.7383,-4.24234,-5.77098,6.43534
24.7956,-4.27945,-5.82245,6.44013
24.7956,-4.38479,-5.83083,6.45688
24.7957,-4.41831,-5.84639,6.47364
24.8250,-4.40155,-5.84400,6.47604
24.8540,-4.31177,-5.78175,6.43055
24.8540,-4.31177,-5.79013,6.45928
24.8950,-4.29741,-5.80808,6.46885
24.9046,-4.36564,-5.80569,6.44491
24.9150,-4.32973,-5.79252,6.45569
24.9391,-4.30818,-5.81886,6.48322
24.9743,-4.30818,-5.79611,6.45090
24.9743,-4.30818,-5.77576,6.48442
24.9993,-4.25910,-5.74344,6.52392
25.0267,-4.28304,-5.74225,6.53589
25.0343,-4.29142,-5.73746,6.52751
25.0565,-4.35487,-5.73746,6.52392
25.0732,-4.30938,-5.73506,6.57898
25.0927,-4.31536,-5.73506,6.59335
25.1386,-4.35726,-5.72908,6.53828
25.1386,-4.34170,-5.70274,6.53350
25.1532,-4.35367,-5.70155,6.53230
25.2013,-4.31536,-5.68958,6.54307
25.2013,-4.36684,-5.71112,6.52990
25.2098,-4.38120,-5.69676,6.48920
25.2535,-4.38120,-5.70394,6.48920
25.2535,-4.37043,-5.72190,6.50118
25.2706,-4.37043,-5.70873,6.51434
25.3056,-4.34649,-5.72549,6.49758
25.3302,-4.34050,-5.72788,6.49280
25.3302,-4.32853,-5.72908,6.50955
25.3536,-4.33571,-5.73028,6.49040
25.3891,-4.29262,-5.68718,6.47963
25.3891,-4.27825,-5.69077,6.49639
25.4194,-4.27466,-5.72668,6.53230
25.4570,-4.32015,-5.75661,6.56582
25.4571,-4.34050,-5.75900,6.53589
25.4855,-4.34888,-5.73267,6.53948
25.5040,-4.29501,-5.68479,6.54427
25.5067,-4.24234,-5.65127,6.56103
25.5388,-4.28065,-5.69197,6.52272
25.5534,-4.31297,-5.68479,6.50596
25.5677,-4.35247,-5.69436,6.55504
25.6017,-4.38120,-5.69197,6.53948
25.6272,-4.35247,-5.65606,6.52631
25.6273,-4.35008,-5.66085,6.49998
25.6537,-4.37162,-5.65726,6.51434
25.6726,-4.39197,-5.66683,6.50596
25.6862,-4.40634,-5.67880,6.55863
25.7406,-4.40275,-5.68000,6.52871
25.7423,-4.38359,-5.66803,6.52512
25.7449,-4.37043,-5.64528,6.53110
25.8012,-4.38120,-5.66563,6.55744
25.8012,-4.35008,-5.67162,6.52751
25.8035,-4.39557,-5.69556,6.53828
25.8549,-4.38240,-5.67641,6.53709
25.8549,-4.36205,-5.68000,6.53230
25.8643,-4.31057,-5.67641,6.54427
25.9017,-4.31297,-5.65247,6.50237
25.9241,-4.38120,-5.67042,6.47125
25.9241,-4.36803,-5.66564,6.48322
25.9541,-4.43387,-5.70514,6.47723
25.9837,-4.45661,-5.72788,6.50477
25.9837,-4.43746,-5.71711,6.51075
26.0026,-4.42669,-5.68359,6.50237
26.0416,-4.36444,-5.66204,6.52751
26.0426,-4.30938,-5.63571,6.56821
26.0727,-4.32614,-5.67401,6.57898
26.0911,-4.38120,-5.73865,6.57539
26.1008,-4.42190,-5.77816,6.59574
26.1391,-4.37522,-5.73865,6.58856
26.1538,-4.32614,-5.72070,6.57898
26.1630,-4.31776,-5.72788,6.56462
26.2048,-4.28304,-5.72549,6.54187
26.2065,-4.24234,-5.69676,6.52990
26.2255,-4.21721,-5.71711,6.51913
26.2540,-4.27347,-5.75422,6.48920
26.2730,-4.28304,-5.75900,6.45090
26.2799,-4.27586,-5.71711,6.40421
26.3038,-4.25431,-5.68000,6.37549
26.3400,-4.28903,-5.59980,6.37070
26.3417,-4.31297,-5.61416,6.41259
26.3994,-4.39676,-5.68479,6.38027
26.3994,-4.45781,-5.74584,6.39224
26.3994,-4.53921,-5.82484,6.46167
26.4281,-4.60864,-5.84878,6.46048
26.4534,-4.58350,-5.84160,6.45928
26.4573,-4.53203,-5.82484,6.43534
26.4894,-4.47816,-5.81407,6.44013
26.5045,-4.38240,-5.75900,6.45808
26.5176,-4.37162,-5.74105,6.46646
26.5390,-4.36085,-5.75063,6.41379
26.5761,-4.41472,-5.79252,6.41978
26.5762,-4.43028,-5.81886,6.45329
26.5994,-4.45302,-5.83681,6.47245
26.6262,-4.44345,-5.84998,6.46048
26.6371,-4.45901,-5.82843,6.45928
26.6725,-4.42908,-5.81766,6.46048
26.6846,-4.44584,-5.81766,6.44372
26.6944,-4.49731,-5.83442,6.45808
26.7368,-4.52485,-5.84878,6.46526
26.7368,-4.54879,-5.85237,6.43893
26.7536,-4.55358,-5.82963,6.41020
26.8014,-4.55597,-5.80569,6.36351
26.8014,-4.55477,-5.80449,6.29648
26.8146,-4.63976,-5.81886,6.25817
26.8552,-4.74151,-5.85237,6.21867
26.8735,-4.85404,-5.94694,6.16121
26.8736,-4.92466,-6.04630,6.14086
26.9056,-4.96416,-6.16002,6.18994
26.9330,-4.99529,-6.17199,6.18276
26.9330,-4.83847,-6.16480,6.17797
26.9531,-4.65892,-6.10375,6.10495
26.9930,-4.61822,-6.14086,6.07143
26.9930,-4.59787,-6.26177,6.12770
27.0218,-4.42669,-6.22107,6.15283
27.0511,-4.27107,-6.23423,6.15642
27.0512,-4.15616,-6.19593,6.19952
27.0731,-4.24474,-6.18755,6.20790
27.1044,-4.28185,-6.13368,6.14445
27.1106,-4.34768,-6.17318,6.16720
27.1405,-4.44225,-6.24022,6.14685
27.1593,-4.41592,-6.19353,6.04630
27.1739,-4.29741,-6.07263,5.92420
27.2012,-4.12503,-5.96849,5.98285
27.2199,-3.98019,-5.90026,6.04869
27.2296,-3.98258,-5.96969,6.14685
27.2532,-4.00772,-6.03193,6.12291
27.2724,-4.07835,-6.07862,6.13608
27.2896,-4.10588,-6.04869,6.07143
27.3394,-4.22798,-6.01158,6.04151
27.3394,-4.15376,-5.84998,5.96849
27.3475,-4.14538,-5.80330,6.00201
27.4002,-4.22798,-5.82005,6.04630
27.4002,-4.39676,-5.81407,5.98525
27.4066,-4.53562,-5.77696,5.97447
27.4539,-4.49013,-5.73985,6.08340
27.4539,-4.44345,-5.71591,6.19712
27.4669,-4.48295,-5.70753,6.27733
27.5037,-4.48774,-5.72788,6.38626
27.5276,-4.40275,-5.76020,6.53110
27.5276,-4.34290,-5.79492,6.67235
27.5544,-4.25671,-5.79132,6.73939
27.5891,-4.22319,-5.77457,6.76692
27.5891,-4.23995,-5.82604,6.81600
27.6049,-4.19805,-5.79970,6.82917
27.6445,-4.13581,-5.75900,6.82198
27.6445,-4.11426,-5.75781,6.78966
27.6723,-4.16693,-5.80330,6.71425
27.6964,-4.22678,-5.81646,6.76093
27.7052,-4.17052,-5.76379,6.80523
27.7393,-4.26748,-5.80928,6.83156
27.7552,-4.34529,-5.91103,6.75016
27.7644,-4.46859,-6.06545,6.66996
27.7995,-4.45901,-6.15762,6.65081
27.8048,-4.37761,-6.22585,6.66158
27.8261,-4.26269,-6.17438,6.56222
27.8551,-4.21840,-6.10256,6.49998
27.8734,-4.08194,-6.03552,6.41020
27.8835,-4.03406,-5.99602,6.37070
27.9034,-3.99814,-5.96250,6.38865
27.9386,-3.98737,-5.97926,6.41140
27.9409,-3.98139,-5.98285,6.37189
28.0019,-4.02448,-5.98166,6.36950
28.0020,-4.04722,-5.94934,6.36591
28.0020,-4.05680,-5.93138,6.41858
28.0536,-4.08792,-5.92659,6.43414
28.0536,-4.19925,-5.95293,6.44850
28.0611,-4.39557,-6.11573,6.56821
28.0914,-4.50928,-6.28571,6.68313
28.1058,-4.68166,-6.49998,6.81001
28.1215,-4.75468,-6.67954,6.99675
28.1537,-4.80256,-6.91416,7.20504
28.1805,-4.92706,-7.12723,7.35347
28.1806,-5.03240,-7.17990,7.46121
28.2010,-4.97494,-7.08055,7.47797
28.2396,-4.67927,-6.77530,7.35826
28.2397,-4.26030,-6.41379,7.23736
28.2728,-3.96223,-6.09657,7.19427
28.2884,-3.73001,-5.89427,7.04464
28.2986,-3.59594,-5.65366,6.86029
28.3387,-3.53848,-5.44298,6.78368
28.3387,-3.41039,-5.18921,6.74178
28.3605,-3.31942,-5.06711,6.81480
28.4007,-3.35772,-4.96656,6.75734
28.4007,-3.53489,-4.78820,6.76093
28.4187,-3.64023,-4.69004,6.83036
28.4533,-3.64023,-4.62420,6.81600
28.4726,-3.51573,-4.46380,6.77171
28.4774,-3.38526,-4.38240,6.75734
28.5033,-3.27632,-4.27107,6.57898
28.5358,-3.21049,-4.01610,6.46646
28.5358,-3.05607,-3.77310,6.50596
28.5962,-2.96509,-3.63065,6.43414
28.5962,-2.89925,-3.42715,6.43175
28.5963,-2.81785,-3.47623,6.68432
28.6259,-2.81546,-3.51933,6.93930
28.6542,-2.89207,-3.65699,7.14040
28.6542,-2.98664,-3.88562,7.35108
28.6945,-3.12550,-4.29382,7.68266
28.7047,-3.38286,-4.83847,7.98791
28.7138,-3.63664,-5.39510,8.08128
28.7388,-3.71804,-5.59142,7.99150
28.7766,-3.61509,-5.54713,7.84067
28.7767,-3.23084,-5.27420,7.81673
28.8002,-2.92319,-5.00247,7.93524
28.8234,-2.88728,-4.82052,7.90891
28.8342,-2.97467,-4.79059,7.89933
28.8539,-2.96389,-4.78700,7.97833
28.8733,-3.10395,-4.88157,8.16268
28.8951,-3.30027,-5.11260,8.36019
28.9393,-3.43673,-5.36996,8.52299
28.9394,-3.47863,-5.53396,8.52778
28.9504,-3.39244,-5.48727,8.47152
29.0008,-3.20091,-5.37236,8.38892
29.0009,-2.95312,-5.23111,8.40568
29.0100,-2.74364,-5.05993,8.46434
29.0550,-2.68857,-4.95578,8.41645
29.0550,-2.70653,-4.89593,8.30154
29.0705,-2.61196,-4.93184,8.15669
29.1036,-2.57485,-4.74391,8.03819
29.1314,-2.54852,-4.56555,7.83110
29.1314,-2.56288,-4.36085,7.85264
29.1628,-2.66224,-4.39557,8.01903
29.1895,-2.85257,-4.44584,8.03819
29.1895,-3.08120,-4.50330,7.97953
29.2193,-3.27632,-4.59906,8.05973
29.2479,-3.31343,-4.66370,8.10881
29.2479,-3.27154,-4.51647,8.11121
29.2726,-3.13866,-4.49731,8.12916
29.3059,-2.93756,-4.44584,8.12557
29.3077,-2.76997,-4.33212,8.02143
29.3393,-2.70294,-4.25312,8.06452
29.3535,-2.54373,-4.29980,8.15789
29.3681,-2.50782,-4.33212,8.14113
29.4005,-2.46472,-4.35965,8.12916
29.4288,-2.41205,-4.36684,8.13036
29.4288,-2.42163,-4.38240,8.13634
29.4542,-2.34861,-4.33092,8.14113
29.4728,-2.26841,-4.23157,8.12677
29.4870,-2.20257,-4.11067,8.06931
29.5386,-2.19778,-4.07236,8.03100
29.5387,-2.30671,-4.11067,8.07051
29.5445,-2.41086,-4.13461,8.07769
29.6001,-2.53535,-4.18369,8.09924
29.6001,-2.62393,-4.26389,8.17585
29.6036,-2.71251,-4.32973,8.19380
29.6549,-2.76279,-4.38240,8.17824
29.6550,-2.77237,-4.42789,8.14712
29.6646,-2.73526,-4.44345,8.18782
29.6949,-2.66463,-4.40634,8.21894
29.7245,-2.56767,-4.31656,8.12318
29.7245,-2.48986,-4.26150,8.06452
29.7548,-2.42403,-4.15496,8.06093
29.7838,-2.42043,-4.11186,8.10283
29.7838,-2.42283,-4.09750,8.08487
29.8048,-2.54972,-4.16813,8.14353
29.8510,-2.59161,-4.19446,8.19739
29.8510,-2.59281,-4.21361,8.20458
29.8731,-2.54732,-4.23755,8.18303
29.8919,-2.50782,-4.24234,8.22852
29.9027,-2.62274,-4.31177,8.22014
29.9388,-2.69336,-4.28783,8.14712
29.9562,-2.78434,-4.30818,8.11959
29.9622,-2.80588,-4.32494,8.18303
30.0006,-2.75202,-4.38120,8.24408
30.0031,-2.69097,-4.29142,8.19859
30.0201,-2.57007,-4.28304,8.16029
30.0536,-2.52099,-4.25072,8.13754
30.0725,-2.56767,-4.30339,8.16507
30.0814,-2.69216,-4.39557,8.20817
30.1050,-2.79870,-4.48175,8.17465
30.1398,-2.88249,-4.52006,8.16747
30.1399,-2.89207,-4.55477,8.18542
30.1992,-2.90524,-4.56674,8.17704
30.1992,-2.88369,-4.57512,8.13275
30.1992,-2.83940,-4.55597,8.12557
30.2540,-2.82504,-4.51288,8.08248
30.2540,-2.85257,-4.50569,8.00946
30.2579,-2.85616,-4.59188,8.08128
30.2879,-2.85736,-4.61463,8.13634
30.3039,-2.81666,-4.53203,8.05135
30.3177,-2.81067,-4.50689,8.04776
30.3398,-2.81307,-4.49133,8.13515
30.3853,-2.82982,-4.48175,8.14472
30.3853,-2.89686,-4.53801,8.03579
30.4006,-2.92200,-4.60026,8.04776
30.4263,-2.87531,-4.63258,8.06692
30.4364,-2.86813,-4.68765,8.07529
30.4725,-2.86813,-4.67687,8.04178
30.4856,-2.86214,-4.58829,7.97235
30.4968,-2.84299,-4.57153,7.92806
30.5392,-2.85975,-4.60146,7.96636
30.5392,-2.89806,-4.66131,8.00826
30.5545,-2.81546,-4.71159,7.94123
30.6001,-2.86454,-4.75947,7.90172
30.6001,-2.92679,-4.71159,7.89813
30.6251,-3.06923,-4.77024,7.87778
30.6543,-3.06684,-4.72356,7.95918
30.6738,-2.96629,-4.71637,8.00946
30.6739,-2.93038,-4.67927,7.99030
30.7040,-2.94115,-4.64096,7.86821
30.7334,-2.96749,-4.61103,7.86342
30.7334,-2.99382,-4.51647,7.81194
30.7556,-3.01656,-4.43148,7.75089
30.7926,-3.13747,-4.52604,7.80596
30.7927,-3.19133,-4.62181,7.82391
30.8226,-3.34575,-4.75707,7.82870
30.8517,-3.41039,-4.86840,7.91728
30.8518,-3.46666,-5.02282,7.94362
30.8726,-3.42596,-5.09344,7.91130
30.9057,-3.39004,-5.14731,7.85384
30.9099,-3.29308,-5.13774,7.86102
30.9390,-3.27752,-5.13175,7.91728
30.9537,-3.10155,-5.07788,7.78561
30.9783,-3.00340,-4.99888,7.71977
30.9904,-2.90883,-4.99289,7.72097
31.0201,-2.98185,-4.96895,7.85624
31.0323,-2.96270,-4.94142,7.84187
31.0546,-2.99382,-4.98332,7.80835
31.0727,-3.06325,-5.09943,7.89933
31.0900,-3.13627,-5.27181,8.04657
31.1390,-3.12310,-5.28138,8.06811
31.1390,-2.92439,-5.10901,7.94362
31.1481,-2.92080,-5.02282,7.85624
31.2018,-2.86933,-4.83728,7.73892
31.2018,-2.97467,-4.69962,7.80716
31.2073,-3.14225,-4.69483,7.92207
31.2531,-3.15542,-4.67328,7.86222
31.2531,-3.16979,-4.71757,7.82751
31.2678,-3.16739,-4.74989,7.73533
31.3065,-3.10036,-4.71637,7.76167
31.3278,-2.98305,-4.54161,7.78800
31.3278,-2.78912,-4.40634,7.72935
31.3537,-2.80469,-4.28424,7.70182
31.3865,-2.81426,-4.27347,7.70660
31.3865,-2.87052,-4.30579,7.60485
31.4052,-2.91841,-4.38838,7.71977
31.4507,-3.10036,-4.51407,7.77843
31.4507,-3.24161,-4.57273,7.76167
31.4728,-3.25837,-4.66490,7.74012
31.5047,-3.26555,-4.69962,7.77005
31.5047,-3.36251,-4.75229,7.79878
31.5384,-3.41518,-4.86481,7.95200
31.5546,-3.26794,-4.88516,7.97953
31.5650,-3.25957,-4.95339,8.02622
31.6003,-3.10275,-5.05274,8.05016
31.6048,-2.93995,-5.17125,8.01185
31.6241,-2.84299,-5.30652,7.97594
31.6541,-2.66463,-5.29934,7.89454
31.6745,-2.46712,-5.05035,7.76885
31.6942,-2.28158,-4.75109,7.57732
31.7040,-2.22531,-4.54639,7.56296
31.7394,-2.20975,-4.35965,7.59288
31.7410,-2.31509,-4.31656,7.58450
31.8024,-2.53056,-4.45661,7.66112
31.8024,-2.79990,-4.57153,7.77603
31.8024,-2.90284,-4.74151,7.92447
31.8537,-3.08240,-4.98451,8.04776
31.8538,-3.23682,-5.22153,8.04058
31.8620,-3.24041,-5.27540,7.90172
31.8909,-3.11472,-5.00606,7.73653
31.9040,-2.91003,-4.72954,7.73892
31.9205,-2.80110,-4.57991,7.82152
31.9557,-2.87172,-4.38719,7.83828
31.9804,-2.92679,-4.27945,7.83110
31.9804,-2.99502,-4.35008,7.88975
32.0007,-3.13866,-4.51886,8.01065
32.0396,-3.21647,-4.70081,8.09684
32.0396,-3.27872,-4.87319,8.15430
32.0726,-3.30027,-4.91508,8.12437
32.0883,-3.29907,-4.87438,8.03579
32.0974,-3.23323,-4.80496,7.98432
32.1392,-3.22725,-4.76785,7.96995
32.1392,-3.19612,-4.73553,7.91609
32.1583,-3.13028,-4.75588,7.86102
32.2022,-3.07642,-4.74989,7.81314
32.2022,-3.04769,-4.77623,7.84786
32.2216,-3.03213,-4.79059,7.84666
32.2538,-3.04410,-4.80256,7.85624
32.2728,-3.04769,-4.84805,7.83708
32.2767,-3.02135,-4.86122,7.80835
32.3039,-3.05008,-4.90670,7.86222
32.3419,-3.11712,-4.97733,7.86342
32.3419,-3.14704,-4.99050,7.82631
32.3961,-3.09078,-4.99768,7.73055
32.3961,-3.08719,-5.02521,7.71259
32.3961,-3.04290,-5.06232,7.79399
32.4254,-3.03811,-5.14133,7.77843
32.4540,-3.01537,-5.18562,7.71379
32.4540,-2.99981,-5.18921,7.65872
32.4962,-2.98784,-5.16647,7.64196
32.5062,-2.97946,-5.13893,7.65154
32.5191,-3.06445,-5.05394,7.65034
32.5391,-3.05248,-5.01564,7.63598
32.5741,-2.98784,-5.01923,7.61802
32.5741,-2.98784,-5.02043,7.61443
32.5994,-2.94115,-5.07190,7.68147
32.6242,-2.94594,-5.11020,7.73174
32.6370,-2.99741,-5.11260,7.75808
32.6577,-3.00819,-5.10661,7.71977
32.6735,-2.96988,-5.06232,7.68147
32.6931,-2.94474,-4.99289,7.64555
32.7387,-3.01417,-4.93783,7.71857
32.7387,-3.09078,-4.87199,7.77364
32.7521,-3.15303,-4.86481,7.79399
32.8015,-3.20929,-4.93304,7.81554
32.8015,-3.20570,-4.97254,7.77364
32.8102,-3.18295,-5.02162,7.76287
32.8532,-3.10156,-4.94381,7.81673
32.8532,-3.08480,-4.90790,7.82990
32.8832,-3.12430,-4.79418,7.73294
32.9060,-3.11472,-4.63378,7.72935
32.9309,-3.05128,-4.52006,7.84067
32.9309,-3.12310,-4.52604,7.83110
32.9536,-3.19732,-4.54639,7.84187
32.9896,-3.27034,-4.63138,7.86940
32.9896,-3.27632,-4.76426,7.94362
33.0240,-3.31224,-4.91030,7.99150
33.0491,-3.26794,-5.07190,8.00108
33.0491,-3.14824,-5.16766,7.91609
33.0728,-2.89087,-5.08866,7.81793
33.1036,-2.68139,-4.91987,7.78561
33.1074,-2.63351,-4.73672,7.76765
33.1386,-2.60717,-4.60505,7.75927
33.1645,-2.61795,-4.49372,7.76765
33.1766,-2.71132,-4.36205,7.73174
33.2003,-2.79272,-4.26030,7.77124
33.2268,-2.83222,-4.26509,7.85863
33.2268,-2.94714,-4.37761,7.86821
33.2534,-3.10754,-4.46859,7.79997
33.2725,-3.25358,-4.54759,7.80835
33.2863,-3.37329,-4.65413,7.85025
33.3400,-3.49778,-4.78580,7.83828
33.3400,-3.56242,-4.93184,7.86701
33.3447,-3.61509,-5.08387,7.83229
33.4001,-3.59594,-5.09225,7.69344
33.4001,-3.39962,-5.00008,7.72935
33.4041,-3.20450,-5.02402,7.79758
33.4558,-3.16141,-5.21914,7.76047
33.4572,-3.05966,-5.25984,7.61922
33.4663,-2.86334,-5.09105,7.41692
33.4956,-2.65625,-4.71398,7.18708
33.5240,-2.58204,-4.30459,7.05661
33.5240,-2.62872,-4.05560,6.96204
33.5551,-2.83940,-4.02687,6.97162
33.5837,-3.13388,-4.09989,6.96443
33.5848,-3.39603,-4.29621,6.96084
33.6064,-3.69409,-4.71278,7.07336
33.6428,-4.07954,-5.11499,7.15836
33.6429,-4.27706,-5.35440,7.03626
33.6730,-4.21242,-5.39630,6.94049
33.6922,-3.62107,-5.45855,7.07935
33.7027,-3.12789,-5.26343,7.26010
33.7482,-2.96629,-5.00486,7.19905
33.7537,-2.92679,-4.83728,7.04104
33.7608,-2.83701,-4.87798,6.92373
33.8015,-2.84060,-4.89474,7.04464
33.8048,-3.07402,-5.08626,7.30200
33.8207,-3.33139,-5.35440,7.51149
33.8533,-3.63903,-5.58184,7.57134
33.8740,-3.79225,-5.69796,7.42290
33.8832,-3.85450,-5.69077,7.44924
33.9028,-3.82816,-5.65486,7.61443
33.9399,-3.73958,-5.68838,7.68027
33.9399,-3.76113,-5.63451,7.57493
33.9998,-3.77789,-5.58304,7.53543
34.0012,-3.79943,-5.67042,7.56176
34.0012,-3.80781,-5.79132,7.58450
34.0541,-3.73240,-5.86434,7.47318
34.0541,-3.70966,-5.94096,7.47677
34.0584,-3.77789,-6.06904,7.39896
34.0877,-3.78028,-6.12770,7.16314
34.1037,-3.79704,-6.12530,6.96683
34.1177,-3.92153,-6.22705,6.90578
34.1439,-3.87006,-6.26655,6.91176
34.1785,-3.91555,-6.35513,6.87944
34.1786,-3.89161,-6.34556,6.69270
34.2006,-3.74676,-6.21269,6.59933
34.2264,-3.67614,-6.19712,6.51315
34.2364,-3.63783,-6.19234,6.41020
34.2739,-3.68452,-6.11573,6.28331
34.2879,-3.66656,-6.02834,6.22226
34.3007,-3.70247,-6.00560,6.28331
34.3393,-3.70128,-5.94574,6.28571
34.3393,-3.77190,-5.99602,6.27852
34.3548,-3.93829,-6.01278,6.21269
34.4000,-4.06398,-6.06066,6.13847
34.4017,-4.10947,-6.09178,6.22466
34.4171,-4.15256,-6.16361,6.34676
34.4556,-4.10349,-6.16720,6.43534
34.4741,-3.99096,-6.03911,6.39464
34.4742,-4.03525,-5.95891,6.33239
34.5046,-4.07715,-5.94215,6.36830
34.5420,-4.07954,-5.96969,6.40900
34.5420,-4.02927,-6.00919,6.34197
34.5622,-3.99815,-6.01158,6.28690
34.5936,-3.94907,-6.04869,6.32162
34.5936,-4.02448,-6.17318,6.38147
34.6225,-4.09630,-6.20790,6.41738
34.6519,-4.11665,-6.23902,6.40062
34.6519,-4.06638,-6.24142,6.37908
34.6739,-4.05680,-6.33000,6.38267
34.7069,-4.06757,-6.38985,6.43055
34.7111,-4.06997,-6.41858,6.32521
34.7389,-4.05321,-6.43055,6.25937
34.7534,-4.23995,-6.54547,6.53350
34.7713,-4.21002,-6.59694,6.52392
34.8022,-4.29142,-6.54068,6.52153
34.8227,-4.30339,-6.47125,6.39943
34.8307,-4.24593,-6.43175,6.31324
34.8535,-4.27227,-6.53948,6.40541
34.8726,-4.18489,-6.72981,6.36950
34.8900,-4.08553,-6.69510,6.27134
34.9387,-3.86647,-6.60292,6.22825
34.9398,-3.74557,-6.61250,6.15523
34.9494,-3.86288,-6.64961,6.24022
35.0015,-4.03286,-6.78847,6.27493
35.0015,-4.00652,-6.75854,6.20311
35.0064,-3.99096,-6.66278,6.11094
35.0544,-3.83176,-6.62806,6.02236
35.0545,-3.79345,-6.52272,5.97088
35.0705,-3.67374,-6.37788,5.98884
35.1040,-3.52770,-6.30127,6.10016
35.1276,-3.61030,-6.23064,6.11094
35.1276,-3.70008,-6.18156,6.02714
35.1533,-3.75754,-6.23902,5.98166
35.1890,-3.79345,-6.20431,6.06665
35.1890,-3.80901,-6.23782,6.09777
35.2062,-3.81619,-6.17677,6.03433
35.2449,-3.96463,-6.08819,5.64409
35.2449,-4.17052,-6.20790,5.78893
35.2728,-4.04603,-6.18994,6.09538
35.3045,-3.97660,-6.18037,6.14805
35.3046,-4.13581,-6.10615,6.03672
35.3388,-4.26389,-6.01517,5.98405
35.3547,-4.40155,-6.02714,6.04390
35.3657,-4.39197,-6.02714,6.17558
35.4007,-4.28544,-6.10495,6.21029
35.4048,-4.10588,-6.15762,6.30127
35.4241,-4.09511,-6.30007,6.42456
35.4619,-4.04603,-6.41738,6.52152
35.4820,-3.92034,-6.48202,6.43893
35.4837,-3.87006,-6.52272,6.27733
35.5047,-3.78268,-6.57180,6.24261
35.5393,-3.68093,-6.69749,6.33598
35.5406,-3.51573,-6.66278,6.30845
35.6001,-3.47264,-6.61609,6.27254
35.6001,-3.48581,-6.67235,6.26057
35.6020,-3.47863,-6.59095,6.18156
35.6532,-3.47144,-6.67834,6.26296
35.6532,-3.50735,-6.79325,6.27374
35.6614,-3.52890,-6.79206,6.30606
35.6908,-3.52770,-6.83515,6.25698
35.7040,-3.56960,-6.88064,6.26177
35.7208,-3.50735,-6.80403,6.20910
35.7608,-3.40680,-6.67235,6.16361
35.7868,-3.36730,-6.64841,6.21747
35.7869,-3.32540,-6.67475,6.24860
35.8001,-3.34456,-6.58138,6.14086
35.8398,-3.35174,-6.51554,6.01757
35.8398,-3.40800,-6.49758,5.98046
35.8726,-3.52172,-6.54427,6.03911
35.8892,-3.64262,-6.54547,5.98405
35.9002,-3.61150,-6.47125,5.90265
35.9394,-3.58397,-6.50357,6.01517
35.9394,-3.60910,-6.52392,6.13608
35.9575,-3.60192,-6.56342,6.21867
36.0005,-3.57918,-6.58377,6.27852
36.0005,-3.59594,-6.62327,6.26057
36.0185,-3.54446,-6.58976,6.21388
36.0549,-3.50855,-6.61011,6.26416
36.0731,-3.52172,-6.60292,6.18156
36.0777,-3.52052,-6.57180,6.09897
36.1029,-3.54327,-6.58617,6.14206
36.1356,-3.50735,-6.53589,6.16600
36.1356,-3.39842,-6.48083,6.18755
36.1962,-3.44990,-6.61250,6.27014
36.1962,-3.53010,-6.66278,6.20670
36.1962,-3.49778,-6.64482,6.12410
36.2258,-3.56122,-6.61729,6.13129
36.2534,-3.57319,-6.54187,6.23782
36.2535,-3.50137,-6.49519,6.08341
36.2995,-3.44391,-6.48442,5.82604
36.3055,-3.51813,-6.58497,5.80330
36.3157,-3.61150,-6.65200,5.91462
36.3387,-3.68572,-6.51434,5.96011
36.3748,-3.31583,-6.47005,5.96729
36.3748,-3.22725,-6.75615,6.21747
36.4001,-3.52770,-6.95246,6.42696
36.4259,-3.89041,-7.02429,6.51913
36.4375,-4.06638,-7.00633,6.22346
36.4557,-3.99216,-6.83994,5.86195
36.4803,-3.85330,-6.86149,5.86075
36.4931,-3.74437,-6.88303,6.09897
36.5388,-3.72043,-6.89381,6.09418
36.5388,-3.45708,-6.84832,5.97208
36.5538,-3.46067,-6.88064,5.89307
36.5818,-3.21288,-6.78966,5.80210
36.6005,-3.05367,-6.86747,5.86794
36.6096,-3.10155,-6.87226,5.87272
36.6533,-3.41758,-6.87705,5.68359
36.6534,-3.48940,-6.80642,5.66324
36.6779,-3.62826,-6.89740,5.80449
36.7040,-3.64861,-6.94169,5.93018
36.7306,-3.52292,-6.96443,5.97447
36.7306,-3.49658,-6.97999,6.01278
36.7533,-3.50376,-6.87346,6.04271
36.7901,-3.52651,-6.66996,6.01278
36.7901,-3.44870,-6.63524,5.86794
36.8225,-3.56960,-6.78966,5.83921
36.8491,-3.64980,-6.80403,6.01158
36.8492,-3.63664,-6.79804,6.10375
36.8728,-3.50017,-6.81361,5.91462
36.9036,-3.51454,-6.94049,5.91223
36.9077,-3.57798,-6.92014,5.92779
36.9389,-3.64861,-6.92134,5.98166
36.9547,-3.46426,-6.86149,5.75900
36.9674,-3.57080,-6.91535,5.56867
37.0008,-3.59235,-6.89740,5.66563
37.0279,-3.47982,-6.90458,5.83442
37.0280,-3.36850,-6.93092,5.84400
37.0533,-3.26196,-6.88064,5.86075
37.0734,-3.42236,-6.91057,5.91582
37.0896,-3.34815,-6.89620,5.89786
37.1392,-3.29308,-6.95127,5.90145
37.1393,-3.42955,-6.99436,5.97328
37.1453,-3.30984,-6.92972,6.01038
37.2007,-3.40321,-6.94767,5.91462
37.2008,-3.45828,-6.91176,5.73626
37.2062,-3.36371,-6.90458,5.69077
37.2570,-3.39244,-6.96084,5.77098
37.2571,-3.47623,-7.04703,5.81886
37.2651,-3.51454,-7.04703,5.86075
37.2953,-3.46546,-6.99556,5.83681
37.3245,-3.51095,-7.07097,5.65965
37.3245,-3.45828,-7.04703,5.81287
37.3584,-3.16620,-7.03506,6.02475
37.3851,-3.04410,-7.02429,6.03911
37.3851,-3.08839,-7.01351,6.08700
37.4050,-3.11592,-6.99795,5.94934
37.4430,-2.99621,-6.99197,5.80928
37.4430,-3.19373,-7.06858,5.85836
37.4732,-3.21408,-7.07696,5.92420
37.4932,-3.10155,-7.08893,5.94694
37.5040,-3.08480,-6.95965,6.04151
37.5395,-3.04529,-6.92134,6.21867
37.5534,-2.92918,-6.91176,6.23423
37.5611,-2.80828,-6.96802,6.17079
37.6012,-2.75920,-7.05062,5.96729
37.6013,-2.93756,-7.18110,5.76858
37.6225,-3.06923,-7.20025,5.74225
37.6541,-3.15782,-7.22778,5.90864
37.6728,-3.24400,-7.17990,6.04989
37.6809,-3.20450,-7.13920,5.98046
37.7039,-3.22964,-7.07935,5.88470
37.7402,-3.32181,-7.05421,5.77217
37.7403,-3.12071,-7.02429,6.16840
37.8003,-2.91242,-6.96922,6.12171
37.8003,-2.98424,-7.05301,5.88230
37.8003,-3.10993,-6.93930,5.59860
37.8537,-3.27513,-7.01232,6.23543
37.8537,-2.89327,-6.96204,5.95652
37.8590,-2.80708,-6.91895,5.90744
37.8888,-2.86933,-6.89141,5.81527
37.9039,-3.05487,-7.01231,5.56987
37.9227,-3.23203,-7.05541,5.61895
37.9390,-3.18056,-7.05301,5.90983
37.9777,-3.16260,-6.90817,5.73147
37.9777,-3.06086,-6.83515,5.82005
38.0006,-3.25238,-7.13920,6.27374
38.0363,-3.65699,-7.26968,6.37668
38.0381,-3.37448,-7.21462,6.01757
38.0680,-2.82264,-7.18469,5.88948
38.0862,-2.56288,-7.23138,5.98285
38.0963,-2.56049,-7.34270,6.16600
38.1387,-2.40727,-7.42530,6.06306
38.1388,-2.19060,-7.39178,6.17797
38.1581,-2.12835,-7.45522,6.64003
38.1755,-2.18462,-7.54261,6.76453
38.2009,-2.43480,-7.60725,6.79206
38.2161,-2.39769,-7.51149,6.77650
38.2549,-2.34263,-7.46001,7.22060
38.2743,-2.24327,-7.39657,7.57253
38.2743,-2.26003,-7.38460,7.18469
38.3051,-2.15349,-7.23856,7.27567
38.3339,-2.08646,-7.01950,7.47318
38.3339,-1.89852,-6.77051,7.45881
38.3539,-2.02421,-6.59215,7.40734
38.3930,-2.15708,-6.37668,7.23736
38.3930,-2.18462,-6.25458,6.99915
38.4235,-2.18222,-6.13368,6.93211
38.4641,-2.03618,-5.87751,7.00513
38.4641,-2.08167,-5.79731,6.69989
38.4744,-1.95837,-5.75781,6.40062
38.5036,-2.07449,-5.68718,6.56462
38.5111,-2.06012,-5.57346,6.69031
38.5391,-2.09603,-5.51122,6.52272
38.5532,-2.39410,-5.48009,6.26536
38.5713,-2.70054,-5.54354,6.20431
38.6038,-2.91841,-5.63691,6.40062
38.6220,-2.88848,-5.65366,6.30366
38.6310,-2.59520,-5.73746,6.09298
38.6537,-2.75321,-5.94574,6.20550
38.6729,-3.18894,-6.18156,6.37908
38.6900,-3.31463,-6.27493,6.23184
38.7407,-3.12789,-6.38985,6.19712
38.7424,-3.13986,-6.53589,6.38985
38.7491,-3.35653,-6.57539,6.54786
38.8008,-3.64142,-6.49758,6.42935
38.8008,-3.90597,-6.47723,6.21987
38.8075,-3.77789,-6.40182,6.14685
38.8532,-3.41398,-6.32880,6.35513
38.8533,-3.30984,-6.29528,6.44731
38.8688,-3.20809,-6.27972,6.26536
38.9043,-3.12071,-6.37908,6.12171
38.9283,-3.08719,-6.45688,6.25937
38.9283,-3.32421,-6.49519,6.29409
38.9532,-3.51095,-6.83156,6.42696
38.9872,-3.62107,-6.44252,6.83994
38.9872,-3.46306,-6.50716,6.78727
39.0363,-3.56002,-6.38506,6.77171
39.0516,-3.67973,-6.37548,6.59454
39.0517,-3.55524,-6.37309,6.60053
39.0728,-3.51933,-6.25339,6.44731
39.1031,-3.67255,-6.33000,6.32401
39.1032,-3.59115,-6.44252,6.03193
39.1391,-3.51693,-6.31204,5.95293
39.1540,-3.39244,-6.43653,5.97926
39.1649,-3.30505,-6.83635,6.22466
39.2003,-3.87964,-7.21821,6.47245
39.2050,-3.73958,-6.27254,6.56701
39.2244,-3.52770,-6.24620,6.34556
39.2548,-3.54327,-6.33718,6.41140
39.2738,-3.54566,-6.18396,6.32521
39.2850,-3.71804,-6.00799,6.16480
39.3394,-3.86527,-6.07742,5.95891
39.3394,-4.20643,-6.21987,6.66517
39.3420,-4.02927,-5.97208,7.11526
39.4006,-3.46187,-5.95891,6.67355
39.4006,-3.63664,-5.96609,6.31324
39.4007,-3.68093,-5.91582,6.49878
39.4556,-3.72522,-6.01398,6.85430
39.4556,-3.70367,-5.99123,6.66278
39.4618,-4.00772,-6.11094,6.77051
39.4914,-3.87126,-6.25099,6.82318
39.5040,-3.70966,-6.33838,6.78847
39.5214,-3.87365,-6.41978,6.75854
39.5533,-4.02568,-6.49878,6.71305
39.5803,-4.13581,-6.59454,6.57419
39.5803,-4.04962,-6.49040,6.40541
39.6002,-4.09391,-6.44013,6.26536
39.6396,-4.29023,-6.45090,6.07383
39.6397,-4.43626,-6.44970,5.85357
39.6742,-4.46739,-6.43773,5.72908
39.6919,-4.29980,-6.37908,5.80689
39.7060,-4.08912,-6.32042,5.97687
39.7394,-3.94308,-6.28211,6.19593
39.7395,-4.00413,-6.23663,6.18755
39.7588,-4.22678,-6.23782,6.09298
39.8007,-4.38958,-6.19712,6.06066
39.8007,-4.40155,-6.12650,6.00201
39.8183,-4.64096,-6.14565,5.99363
39.8540,-4.74271,-6.25817,6.02595
39.8727,-4.51527,-6.32401,6.20072
39.8780,-4.24953,-6.30725,6.16002
39.9036,-4.04483,-6.37309,5.96370
39.9362,-3.96582,-6.39703,5.98046
39.9362,-4.02448,-6.38386,6.08221
39.9964,-4.07476,-6.48322,6.12291
39.9964,-4.21361,-6.47963,6.47963
39.9964,-4.14299,-6.33598,6.29289
40.0258,-4.24234,-6.22226,6.02834
40.0534,-4.37282,-6.14206,6.05348
40.0535,-4.24234,-6.18037,6.12051
40.0851,-4.12623,-6.28092,6.21388
40.1047,-4.04483,-6.24740,6.32760
40.1167,-3.92991,-6.25578,6.22107
40.1392,-3.97181,-6.30127,6.18875
40.1755,-3.95146,-6.29768,6.16241
40.1756,-4.07954,-6.33598,6.13847
40.1998,-4.15735,-6.36232,6.12770
40.2248,-4.10468,-6.34077,6.14565
40.2382,-4.04244,-6.33239,6.12171
40.2737,-3.95625,-6.29409,6.14326
40.2737,-3.94547,-6.27493,6.11333
40.2933,-3.91555,-6.31444,6.11573
40.3390,-3.88443,-6.30246,6.11932
40.3390,-3.94907,-6.29648,6.10256
40.3530,-3.98258,-6.34197,6.12051
40.4081,-3.96463,-6.37788,6.21628
40.4092,-3.94069,-6.36711,6.24860
40.4104,-3.92632,-6.35035,6.27852
40.4541,-3.90358,-6.30725,6.23064
40.4541,-3.94667,-6.30845,6.22226
40.4728,-3.99575,-6.35513,6.24860
40.5039,-4.05919,-6.38027,6.18515
40.5327,-4.05201,-6.36471,6.16241
40.5327,-3.94547,-6.34436,6.14326
40.5621,-3.90837,-6.32401,6.15283
40.5865,-3.87844,-6.31444,6.25937
40.5903,-3.90717,-6.26536,6.25937
40.6199,-3.98139,-6.30725,6.15164
40.6490,-4.03166,-6.37548,6.16600
40.6490,-3.98378,-6.38147,6.24022
40.6724,-4.03406,-6.41020,6.17558
40.7064,-4.09870,-6.44491,6.08340
40.7083,-4.04603,-6.46766,6.03433
40.7390,-3.95026,-6.39823,6.01517
40.7532,-3.90717,-6.40421,5.93856
40.7683,-3.85330,-6.46287,5.99363
40.8008,-3.99096,-6.49160,6.10136
40.8357,-4.10708,-6.40062,6.13009
40.8357,-4.07954,-6.50955,6.05348
40.8551,-4.03406,-6.34316,6.05468
40.8728,-3.97420,-6.44372,6.04510
40.8874,-3.83894,-6.31803,6.00919
40.9389,-3.99096,-6.23902,6.05827
40.9390,-4.03047,-6.29887,6.05228
40.9451,-3.96702,-6.40781,6.08939
40.9694,-3.94308,-6.45449,6.13847
41.0011,-3.81859,-6.45449,6.13009
41.0044,-3.53967,-6.36830,6.32401
41.0550,-3.56362,-6.23782,6.44252
41.0550,-3.50137,-6.19712,6.67235
41.0655,-3.45708,-6.19832,6.75974
41.0966,-3.60910,-6.13847,6.56941
41.1257,-3.66896,-6.04989,6.53589
41.1257,-3.56721,-6.18276,6.65440
41.1561,-3.26914,-6.19234,6.93451
41.1785,-3.03811,-6.23304,7.16673
41.1841,-2.70294,-6.31444,7.43128
41.2048,-2.48867,-6.30965,7.73294
41.2442,-2.22292,-6.27852,7.93644
41.2442,-1.83986,-6.17677,8.21296
41.2736,-1.27965,-6.23782,8.45237
41.2927,-1.02587,-5.98764,8.62474
41.3035,-0.95046,-5.79611,8.60678
41.3387,-0.50875,-5.69436,8.83303
41.3508,0.05626,-5.57107,9.70089
41.3621,0.09098,-5.41425,9.73441
41.4017,-0.34475,-4.88276,9.31664
41.4048,-0.44650,-4.64216,8.64748
41.4211,-0.72062,-4.71039,8.24647
41.4531,-1.24733,-5.17484,7.84426
41.4727,-1.79079,-5.87751,7.21342
41.4835,-2.84179,-7.33672,7.21701
41.5060,-3.98498,-9.10117,6.63165
41.5403,-3.95984,-10.27787,4.82650
41.5403,-4.06518,-10.36405,3.32421
41.6003,-5.14851,-11.11939,2.91482
41.6003,-4.67328,-10.81055,3.29069
41.6003,-3.61269,-9.95706,3.68452
41.6557,-3.28470,-9.74877,3.64741
41.6557,-2.76518,-9.51774,3.66776
41.6584,-1.93922,-9.03174,3.88921
41.6889,-1.28443,-8.61756,4.30938
41.7036,-0.81519,-8.19021,4.79777
41.7179,-0.51473,-7.63957,5.26343
41.7384,-0.45967,-7.22898,5.58663
41.7779,-0.54585,-7.05301,6.16480
41.7780,-0.48002,-6.91176,6.70228
41.8003,-0.37707,-6.73221,6.95007
41.8271,-0.53748,-6.65320,7.23377
41.8371,-0.64401,-6.50237,7.50670
41.8744,-0.80322,-6.43294,8.06452
41.8896,-1.01629,-6.36591,8.30154
41.9018,-1.19825,-6.28571,8.18064
41.9394,-1.36464,-6.34197,8.28598
41.9395,-1.46878,-6.18276,8.20458
41.9560,-1.78839,-6.20072,8.30992
41.9999,-1.95837,-6.17558,8.27760
41.9999,-2.20975,-6.05348,8.09086
42.0204,-2.36537,-5.85836,7.98671
42.0556,-2.35340,-5.66564,7.83229
42.0741,-2.34502,-5.60099,7.79638
42.0742,-2.43001,-5.57466,7.79279
42.1045,-2.58084,-5.43101,7.67907
42.1334,-2.65027,-5.26462,7.53303
42.1334,-2.65266,-5.13893,7.54620
42.1947,-2.63710,-5.06831,7.50071
42.1947,-2.63111,-4.97494,7.47557
42.1947,-2.71850,-4.96057,7.49832
42.2227,-2.62752,-5.02521,7.63837
42.2534,-2.68259,-5.12816,7.64316
42.2535,-2.91482,-5.13774,7.49592
42.2743,-3.03691,-5.17006,7.44086
42.3048,-2.93995,-5.10901,7.27207
42.3116,-2.95551,-5.09225,7.21701
42.3394,-3.01776,-5.17245,7.31637
42.3536,-3.15183,-5.20357,7.22060
42.3716,-3.29667,-5.21315,7.16314
42.4013,-3.33259,-5.16168,7.11885
42.4216,-3.37209,-5.18322,7.18708
42.4350,-3.43314,-5.24068,7.20025
42.4538,-3.61868,-5.33166,7.08534
42.4727,-3.81739,-5.28737,6.98239
42.4908,-3.94787,-5.24547,6.86508
42.5393,-4.06877,-5.20836,6.82917
42.5393,-4.16094,-5.23111,6.69270
42.5504,-4.22199,-5.24068,6.62447
42.6015,-4.26748,-5.23589,6.64003
42.6016,-4.39317,-5.24308,6.63165
42.6080,-4.35965,-5.15449,6.60891
42.6531,-4.23516,-5.09584,6.71545
42.6532,-4.22439,-5.09105,6.81241
42.6685,-4.22918,-5.18562,6.87226
42.7019,-4.29142,-5.22273,6.85430
42.7278,-4.42310,-5.19759,6.79685
42.7279,-4.51048,-5.21674,6.83994
42.7533,-4.62540,-5.20956,6.85550
42.7874,-4.65054,-5.24427,6.87106
42.7874,-4.67927,-5.23111,6.86149
42.8061,-4.87199,-5.28737,6.74777
42.8499,-4.99529,-5.31011,6.72742
42.8500,-4.93903,-5.33525,6.83635
42.8728,-4.92945,-5.40348,6.90099
42.9043,-4.98930,-5.39750,6.85071
42.9058,-4.96775,-5.36757,6.85550
42.9388,-5.02641,-5.35560,6.83036
42.9572,-4.99170,-5.31251,6.87106
42.9693,-4.88755,-5.25265,6.83635
42.9995,-4.89952,-5.24906,6.80523
43.0084,-4.90551,-5.27061,6.68193
43.0255,-4.95339,-5.36518,6.63524
43.0552,-5.03359,-5.35440,6.66517
43.0728,-5.11379,-5.34602,6.60173
43.0833,-5.17963,-5.29096,6.44132
43.1395,-5.08387,-5.28497,6.27972
43.1395,-5.13774,-5.24308,6.23304
43.1413,-5.28258,-5.23709,6.21149
43.2002,-5.26702,-5.14612,6.08939
43.2002,-5.34722,-5.14492,6.10136
43.2003,-5.29216,-5.20716,6.00679
43.2546,-5.43820,-5.20477,5.99123
43.2546,-5.57945,-5.21914,6.10854
43.2628,-5.57945,-5.16407,6.03074
43.2928,-5.55311,-5.09225,5.96370
43.3042,-5.42742,-5.04676,5.97447
43.3224,-5.44179,-5.00965,6.00440
43.3550,-5.60099,-5.08626,6.05108
43.3817,-5.58902,-5.04676,6.02954
43.3817,-5.56867,-5.06232,6.08819
43.4006,-5.50882,-5.05275,6.15523
43.4397,-5.55072,-5.01444,6.18875
43.4397,-5.50044,-4.96416,6.18515
43.4732,-5.36877,-4.93065,6.23663
43.4907,-5.31370,-4.94501,6.28930
43.4993,-5.36877,-4.97613,6.28930
43.5396,-5.42742,-4.99648,6.30845
43.5396,-5.41785,-5.00247,6.32042
43.5593,-5.45017,-5.01324,6.32281
43.6006,-5.48368,-5.02402,6.29648
43.6007,-5.54952,-5.06831,6.28571
43.6206,-5.53994,-5.07070,6.30606
43.6541,-5.59621,-5.09704,6.28211
43.6728,-5.59501,-5.09225,6.25099
43.6776,-5.46573,-5.07070,6.24740
43.7040,-5.45735,-5.07788,6.22825
43.7361,-5.48009,-5.10063,6.19114
43.7361,-5.52797,-5.12816,6.22107
43.7968,-5.49446,-5.08267,6.22825
43.7969,-5.42024,-5.03359,6.19473
43.7969,-5.37954,-5.00606,6.18037
43.8260,-5.36518,-5.03718,6.20191
43.8531,-5.42742,-5.05753,6.23304
43.8565,-5.49206,-5.08746,6.21867
43.8885,-5.53755,-5.09464,6.18515
43.9062,-5.47530,-5.05634,6.20191
43.9147,-5.42622,-5.05275,6.24501
43.9390,-5.43341,-5.03958,6.27254
43.9755,-5.48368,-5.05035,6.22107
43.9755,-5.44777,-5.03599,6.18994
43.9997,-5.38912,-5.03718,6.19952
44.0355,-5.38313,-5.07669,6.20311
44.0355,-5.41425,-5.10302,6.26536
44.0803,-5.41904,-5.09464,6.25937
44.0804,-5.42503,-5.13055,6.22346
44.0946,-5.34842,-5.09704,6.20072
44.1387,-5.31251,-5.06711,6.23423
44.1387,-5.30652,-5.08746,6.23184
44.1531,-5.30293,-5.05394,6.20311
44.2009,-5.32687,-5.10901,6.23064
44.2019,-5.33764,-5.11499,6.29887
44.2123,-5.39750,-5.14133,6.33000
44.2540,-5.36039,-5.11260,6.31563
44.2540,-5.32687,-5.09584,6.28690
44.2715,-5.34961,-5.09704,6.27493
44.3037,-5.36996,-5.12217,6.32641
44.3323,-5.36278,-5.10661,6.30606
44.3323,-5.37595,-5.09105,6.34316
44.3545,-5.33764,-5.06352,6.33239
44.3907,-5.27300,-5.04197,6.28211
44.3907,-5.28976,-5.03479,6.29289
44.4190,-5.30173,-5.05394,6.30725
44.4491,-5.36518,-5.07549,6.27733
44.4491,-5.38672,-5.08507,6.28451
44.4825,-5.40947,-5.08985,6.26895
44.5043,-5.44418,-5.11739,6.28211
44.5079,-5.47770,-5.08028,6.29768
44.5391,-5.47052,-5.08147,6.30845
44.5533,-5.41186,-5.07190,6.28451
44.5683,-5.45017,-5.14492,6.30127
44.6006,-5.52199,-5.25744,6.34077
44.6336,-5.60219,-5.39750,6.30486
44.6336,-5.66563,-5.44777,6.24381
44.6564,-5.66803,-5.46094,6.22226
44.6728,-5.69556,-5.50284,6.21029
44.6874,-5.70035,-5.56628,6.20311
44.7388,-5.65726,-5.64050,6.21628
44.7388,-5.61536,-5.67042,6.17318
44.7453,-5.51241,-5.61536,6.06784
44.7805,-5.36637,-5.56867,6.16002
44.8002,-5.27779,-5.56987,6.19593
44.8056,-5.26103,-5.61775,6.21029
44.8535,-5.17844,-5.60099,6.19473
44.8535,-5.14252,-5.67521,6.24022
44.8657,-5.09225,-5.73985,6.35633
44.9017,-5.08387,-5.83562,6.39464
44.9249,-5.11379,-5.92539,6.34915
44.9250,-5.03718,-5.90983,6.33359
44.9555,-4.90790,-5.81766,6.35633
44.9844,-4.77862,-5.72309,6.33718
44.9844,-4.70680,-5.64768,6.30366
45.0048,-4.66370,-5.64529,6.26655
45.0446,-4.60984,-5.60339,6.21747
45.0464,-4.65173,-5.59501,6.20311
45.0738,-4.66251,-5.58424,6.17199
45.0929,-4.67448,-5.53396,6.21508
45.1037,-4.63976,-5.50762,6.30486
45.1387,-4.55956,-5.42024,6.30246
45.1512,-4.51048,-5.36158,6.33239
45.1625,-4.40035,-5.24188,6.39224
45.2023,-4.37282,-5.20118,6.44970
45.2050,-4.40754,-5.19160,6.56342
45.2206,-4.44345,-5.19400,6.62327
45.2539,-4.46021,-5.20118,6.70348
45.2726,-4.43986,-5.17365,6.74657
45.2811,-4.36684,-5.14133,6.81121
45.3041,-4.38000,-5.14133,6.88303
45.3401,-4.41232,-5.13774,6.91176
45.3418,-4.38479,-5.11499,7.00753
45.4006,-4.34649,-5.14612,7.12125
45.4006,-4.43387,-5.23589,7.17152
45.4006,-4.51766,-5.33645,7.26729
45.4535,-4.49013,-5.43341,7.37502
45.4535,-4.39078,-5.45136,7.41931
45.4591,-4.25312,-5.47890,7.51268
45.4986,-4.12982,-5.51959,7.60845
45.5048,-4.00533,-5.51840,7.59408
45.5205,-3.90717,-5.49805,7.56415
45.5393,-3.70966,-5.43101,7.60964
45.5784,-3.50975,-5.38433,7.71618
45.5784,-3.40561,-5.34004,7.70900
45.6005,-3.33139,-5.33645,7.72217
45.6277,-3.21887,-5.29694,7.73414
45.6385,-3.08120,-5.19639,7.72815
45.6731,-3.01896,-5.08507,7.70421
45.6866,-2.92439,-4.94142,7.72695
45.6970,-2.91841,-4.86601,7.77124
45.7386,-2.90883,-4.81693,7.83589
45.7387,-2.98544,-4.86601,7.87659
45.7556,-3.10634,-4.97135,8.00467
45.8010,-3.35054,-5.23829,8.16388
45.8010,-3.45468,-5.36877,8.21774
45.8149,-3.23922,-5.28018,8.16268
45.8538,-3.05248,-5.07549,8.11719
45.8754,-2.84898,-4.86840,8.13754
45.8754,-2.54134,-4.67927,8.15191
45.9072,-2.22891,-4.55477,8.12198
45.9342,-1.94281,-4.40634,8.11959
45.9342,-1.71417,-4.34409,8.17704
45.9942,-1.52863,-4.35487,8.25844
45.9943,-1.37780,-4.37761,8.24169
45.9943,-1.30598,-4.40155,8.21056
46.0243,-1.12164,-4.34170,8.13634
46.0606,-1.01031,-4.22439,8.07410
46.0606,-0.93968,-4.12144,8.15669
46.0750,-0.83434,-3.99455,8.25006
46.1039,-0.72421,-3.92153,8.19859
46.1108,-0.58057,-3.84492,8.33146
46.1391,-0.39862,-3.81978,8.47870
46.1533,-0.27652,-3.77549,8.52539
46.1720,-0.17477,-3.72402,8.57806
46.2012,-0.01317,-3.61389,8.65586
46.2205,0.14125,-3.57439,8.72649
46.2311,0.33876,-3.51454,8.73248
46.2532,0.46446,-3.47623,8.73367
46.2724,0.53508,-3.40561,8.74205
46.2911,0.53867,-3.39483,8.80071
46.3482,0.56501,-3.41279,8.95752
46.3500,0.55304,-3.44870,9.00181
46.3501,0.42974,-3.44750,8.99822
46.4003,0.34116,-3.48940,9.01737
46.4004,0.22864,-3.52411,9.07723
46.4082,0.23702,-3.49538,9.06885
46.4532,0.23702,-3.40800,9.05448
46.4533,0.30764,-3.35533,9.03533
46.4687,0.35313,-3.30864,9.00899
46.5100,0.38306,-3.28111,8.95393
46.5298,0.44171,-3.29428,8.95991
46.5298,0.49797,-3.33378,8.95752
46.5535,0.57339,-3.38526,9.00899
46.5875,0.65718,-3.42715,8.98386
46.5875,0.69788,-3.50137,8.99583
46.6268,0.78526,-3.58157,8.96351
46.6541,0.87025,-3.55883,8.86415
46.6541,0.90856,-3.57319,8.81866
46.6730,1.01749,-3.56242,8.85936
46.7040,1.16712,-3.57559,8.85697
46.7041,1.30359,-3.59354,8.82106
46.7387,1.43766,-3.59354,8.87373
46.7533,1.59806,-3.59354,8.87852
46.7701,1.74051,-3.66058,8.88809
46.8005,1.84585,-3.60910,8.87133
46.8050,1.89253,-3.56721,8.86535
46.8254,1.94999,-3.48461,8.85218
46.8542,2.01583,-3.46067,8.84021
46.8734,2.04935,-3.47025,8.85936
46.8859,2.08765,-3.45828,8.85577
46.9395,2.07449,-3.45828,8.85577
46.9395,2.07329,-3.46546,8.85577
46.9424,2.12955,-3.45828,8.90006
47.0000,2.11159,-3.48461,8.95872
47.0000,2.07927,-3.45349,9.00061
47.0031,2.03139,-3.48581,9.06765
47.0541,2.04097,-3.41997,9.06525
47.0541,2.10202,-3.36371,9.05927
47.0619,2.22412,-3.32301,9.04730
47.0923,2.22771,-3.26196,8.99224
47.1039,2.26482,-3.21647,8.96350
47.1218,2.34382,-3.09557,8.96949
47.1628,2.40008,-3.04410,8.96350
47.1877,2.45275,-2.97586,8.92759
47.1877,2.41086,-2.89447,8.78993
47.2052,2.37854,-2.83102,8.79233
47.2404,2.29714,-2.82025,8.83782
47.2405,2.16666,-2.75321,8.71093
47.2728,2.07329,-2.62154,8.61038
47.2900,2.04695,-2.51141,8.58883
47.3032,2.00266,-2.43839,8.59481
47.3396,1.86979,-2.42043,8.57327
47.3396,1.73333,-2.35819,8.68579
47.3591,1.63637,-2.38931,8.76240
47.4015,1.48913,-2.37375,8.78874
47.4015,1.46040,-2.30671,8.80071
47.4230,1.40414,-2.28397,8.88809
47.4540,1.43526,-2.24088,8.98505
47.4728,1.53222,-2.18701,9.08441
47.4781,1.64714,-2.12596,9.16341
47.5038,1.67467,-2.07090,9.17179
47.5365,1.73213,-2.02541,9.24242
47.5365,1.74530,-2.05773,9.37050
47.5967,1.75128,-2.10920,9.36332
47.5967,1.79917,-2.16187,9.42078
47.5967,1.85662,-2.17025,9.41120
47.6265,1.94401,-2.08047,9.35973
47.6533,2.04217,-1.99069,9.31424
47.6565,2.14152,-1.87458,9.20172
47.6855,2.22412,-1.79198,9.15743
47.7073,2.30552,-1.72016,9.11433
47.7193,2.26841,-1.70939,9.07603
47.7396,2.25045,-1.74769,9.04012
47.7757,2.21933,-1.72974,9.09997
47.7758,2.25165,-1.73093,9.22207
47.8000,2.23369,-1.78480,9.30107
47.8252,2.23250,-1.75966,9.29628
47.8364,2.25165,-1.70699,9.24481
47.8737,2.30552,-1.63158,9.21489
47.8943,2.43480,-1.55377,9.25080
47.8943,2.51261,-1.66270,9.38128
47.9388,2.46233,-1.81951,9.35255
47.9388,2.44797,-1.87338,9.26157
47.9541,2.51500,-1.97633,9.31903
47.9998,2.43121,-2.06252,9.37170
48.0006,2.36896,-2.18701,9.32501
48.0119,2.33544,-2.30073,9.24840
48.0547,2.36537,-2.34263,9.26397
48.0547,2.37614,-2.47310,9.30826
48.0734,2.34622,-2.63351,9.18376
48.1038,2.37016,-2.54612,9.02695
48.1349,2.45635,-2.46592,8.98386
48.1349,2.50064,-2.39889,8.95153
48.1558,2.50183,-2.37614,8.85577
48.1910,2.49705,-2.37375,8.83901
48.1910,2.24207,-2.48029,8.87852
48.2205,2.15828,-2.61316,9.02456
48.2492,2.49705,-2.69097,9.06765
48.2492,2.59640,-2.76638,9.15025
48.2748,2.66104,-2.70773,9.16341
48.3058,2.64309,-2.74483,9.07124
48.3089,2.57964,-2.82743,9.12271
48.3391,2.73047,-2.68857,9.04490
48.3532,3.00459,-2.53774,9.02575
48.3686,3.14824,-2.41205,8.97907
48.4009,2.94594,-2.47550,8.93957
48.4296,2.43240,-2.49585,8.90485
48.4297,2.53894,-2.59161,8.80430
48.4526,2.90883,-2.16905,8.38054
48.4729,3.36131,-2.18342,8.72170
48.4880,2.98305,-2.67900,9.40522
48.5468,2.99262,-2.25883,8.57327
48.5480,2.85257,-2.34382,8.75282
48.5480,3.12310,-2.57126,9.03892
48.6008,3.08001,-2.26961,9.14905
48.6008,2.87292,-2.32347,9.31903
48.6058,2.43480,-2.41086,9.24721
48.6533,2.56408,-2.07688,9.29269
48.6533,2.75321,-1.91288,9.29748
48.6658,2.67660,-1.77882,9.12032
48.7067,2.52937,-1.81832,9.19932
48.7254,2.52338,-1.80036,9.16581
48.7254,2.37734,-1.86859,8.92161
48.7540,2.25045,-1.81233,8.89288
48.7844,2.39170,-1.84106,9.18855
48.7844,2.61555,-1.74769,9.09997
48.8056,2.30312,-1.66390,8.64629
48.8416,2.02541,-1.97513,8.86535
48.8416,2.20736,-1.89134,9.40402
48.8684,2.02660,-1.98231,9.24481
48.8889,2.28996,-1.91288,9.25798
48.9012,2.39649,-1.73452,9.62906
